"http://dbpedia.org/resource/Avachinsky"	"Авачинская Сопка"	"http://dbpedia.org/resource/Category:Decade_Volcanoes"
"http://dbpedia.org/resource/Avachinsky"	"Авачинская Сопка"	"http://dbpedia.org/resource/Category:Active_volcanoes"
"http://dbpedia.org/resource/Avachinsky"	"Авачинская Сопка"	"http://dbpedia.org/resource/Category:Holocene_volcanoes"
"http://dbpedia.org/resource/Avachinsky"	"Авачинская Сопка"	"http://dbpedia.org/resource/Category:VEI-5_volcanoes"
"http://dbpedia.org/resource/Avachinsky"	"Авачинская Сопка"	"http://dbpedia.org/resource/Category:Mountains_of_the_Kamchatka_Peninsula"
"http://dbpedia.org/resource/Avachinsky"	"Авачинская Сопка"	"http://dbpedia.org/resource/Category:Stratovolcanoes_of_Russia"
"http://dbpedia.org/resource/Avachinsky"	"Авачинская Сопка"	"http://dbpedia.org/resource/Category:Volcanoes_of_the_Kamchatka_Peninsula"
"http://dbpedia.org/resource/Avachinsky"	"Авачинская Сопка"	"http://dbpedia.org/resource/Category:Volcanic_calderas_of_Russia"
"http://dbpedia.org/resource/Avachinsky"	"Авачинская Сопка"	"http://dbpedia.org/resource/Category:Holocene_Asia"
"http://dbpedia.org/resource/Avachinsky"	"Авачинская Сопка"	"http://dbpedia.org/resource/Category:Decade_Volcanoes"
"http://dbpedia.org/resource/Avachinsky"	"Авачинская Сопка"	"http://dbpedia.org/resource/Category:Active_volcanoes"
"http://dbpedia.org/resource/Avachinsky"	"Авачинская Сопка"	"http://dbpedia.org/resource/Category:Holocene_volcanoes"
"http://dbpedia.org/resource/Avachinsky"	"Авачинская Сопка"	"http://dbpedia.org/resource/Category:VEI-5_volcanoes"
"http://dbpedia.org/resource/Avachinsky"	"Авачинская Сопка"	"http://dbpedia.org/resource/Category:Mountains_of_the_Kamchatka_Peninsula"
"http://dbpedia.org/resource/Avachinsky"	"Авачинская Сопка"	"http://dbpedia.org/resource/Category:Stratovolcanoes_of_Russia"
"http://dbpedia.org/resource/Avachinsky"	"Авачинская Сопка"	"http://dbpedia.org/resource/Category:Volcanoes_of_the_Kamchatka_Peninsula"
"http://dbpedia.org/resource/Avachinsky"	"Авачинская Сопка"	"http://dbpedia.org/resource/Category:Volcanic_calderas_of_Russia"
"http://dbpedia.org/resource/Avachinsky"	"Авачинская Сопка"	"http://dbpedia.org/resource/Category:Holocene_Asia"
"http://dbpedia.org/resource/Akademia_Nauk_(volcano)"	"Академия Наук (вулкан)"	"http://dbpedia.org/resource/Category:Active_volcanoes"
"http://dbpedia.org/resource/Akademia_Nauk_(volcano)"	"Академия Наук (вулкан)"	"http://dbpedia.org/resource/Category:Crater_lakes"
"http://dbpedia.org/resource/Akademia_Nauk_(volcano)"	"Академия Наук (вулкан)"	"http://dbpedia.org/resource/Category:Holocene_volcanoes"
"http://dbpedia.org/resource/Akademia_Nauk_(volcano)"	"Академия Наук (вулкан)"	"http://dbpedia.org/resource/Category:Mountains_of_the_Kamchatka_Peninsula"
"http://dbpedia.org/resource/Akademia_Nauk_(volcano)"	"Академия Наук (вулкан)"	"http://dbpedia.org/resource/Category:Volcanoes_of_the_Kamchatka_Peninsula"
"http://dbpedia.org/resource/Akademia_Nauk_(volcano)"	"Академия Наук (вулкан)"	"http://dbpedia.org/resource/Category:Lakes_of_Kamchatka_Krai"
"http://dbpedia.org/resource/Akademia_Nauk_(volcano)"	"Академия Наук (вулкан)"	"http://dbpedia.org/resource/Category:Volcanic_calderas_of_Russia"
"http://dbpedia.org/resource/Akademia_Nauk_(volcano)"	"Академия Наук (вулкан)"	"http://dbpedia.org/resource/Category:Holocene_Asia"
"http://dbpedia.org/resource/Akademia_Nauk_(volcano)"	"Академия Наук (вулкан)"	"http://dbpedia.org/resource/Category:Active_volcanoes"
"http://dbpedia.org/resource/Akademia_Nauk_(volcano)"	"Академия Наук (вулкан)"	"http://dbpedia.org/resource/Category:Crater_lakes"
"http://dbpedia.org/resource/Akademia_Nauk_(volcano)"	"Академия Наук (вулкан)"	"http://dbpedia.org/resource/Category:Holocene_volcanoes"
"http://dbpedia.org/resource/Akademia_Nauk_(volcano)"	"Академия Наук (вулкан)"	"http://dbpedia.org/resource/Category:Mountains_of_the_Kamchatka_Peninsula"
"http://dbpedia.org/resource/Akademia_Nauk_(volcano)"	"Академия Наук (вулкан)"	"http://dbpedia.org/resource/Category:Volcanoes_of_the_Kamchatka_Peninsula"
"http://dbpedia.org/resource/Akademia_Nauk_(volcano)"	"Академия Наук (вулкан)"	"http://dbpedia.org/resource/Category:Lakes_of_Kamchatka_Krai"
"http://dbpedia.org/resource/Akademia_Nauk_(volcano)"	"Академия Наук (вулкан)"	"http://dbpedia.org/resource/Category:Volcanic_calderas_of_Russia"
"http://dbpedia.org/resource/Akademia_Nauk_(volcano)"	"Академия Наук (вулкан)"	"http://dbpedia.org/resource/Category:Holocene_Asia"
"http://dbpedia.org/resource/Alngey"	"Алнгей"	"http://dbpedia.org/resource/Category:Holocene_volcanoes"
"http://dbpedia.org/resource/Alngey"	"Алнгей"	"http://dbpedia.org/resource/Category:Mountains_of_the_Kamchatka_Peninsula"
"http://dbpedia.org/resource/Alngey"	"Алнгей"	"http://dbpedia.org/resource/Category:Stratovolcanoes_of_Russia"
"http://dbpedia.org/resource/Alngey"	"Алнгей"	"http://dbpedia.org/resource/Category:Volcanoes_of_the_Kamchatka_Peninsula"
"http://dbpedia.org/resource/Alngey"	"Алнгей"	"http://dbpedia.org/resource/Category:Holocene_Asia"
"http://dbpedia.org/resource/Alngey"	"Алнгей"	"http://dbpedia.org/resource/Category:Holocene_volcanoes"
"http://dbpedia.org/resource/Alngey"	"Алнгей"	"http://dbpedia.org/resource/Category:Mountains_of_the_Kamchatka_Peninsula"
"http://dbpedia.org/resource/Alngey"	"Алнгей"	"http://dbpedia.org/resource/Category:Stratovolcanoes_of_Russia"
"http://dbpedia.org/resource/Alngey"	"Алнгей"	"http://dbpedia.org/resource/Category:Volcanoes_of_the_Kamchatka_Peninsula"
"http://dbpedia.org/resource/Alngey"	"Алнгей"	"http://dbpedia.org/resource/Category:Holocene_Asia"
"http://dbpedia.org/resource/Alney-Chashakondzha"	"Алней-Чашаконджа"	"http://dbpedia.org/resource/Category:Mountains_of_the_Kamchatka_Peninsula"
"http://dbpedia.org/resource/Alney-Chashakondzha"	"Алней-Чашаконджа"	"http://dbpedia.org/resource/Category:Stratovolcanoes_of_Russia"
"http://dbpedia.org/resource/Alney-Chashakondzha"	"Алней-Чашаконджа"	"http://dbpedia.org/resource/Category:Volcanoes_of_the_Kamchatka_Peninsula"
"http://dbpedia.org/resource/Alney-Chashakondzha"	"Алней-Чашаконджа"	"http://dbpedia.org/resource/Category:Mountains_of_the_Kamchatka_Peninsula"
"http://dbpedia.org/resource/Alney-Chashakondzha"	"Алней-Чашаконджа"	"http://dbpedia.org/resource/Category:Stratovolcanoes_of_Russia"
"http://dbpedia.org/resource/Alney-Chashakondzha"	"Алней-Чашаконджа"	"http://dbpedia.org/resource/Category:Volcanoes_of_the_Kamchatka_Peninsula"
"http://dbpedia.org/resource/Anaun"	"Анаун"	"http://dbpedia.org/resource/Category:Holocene_volcanoes"
"http://dbpedia.org/resource/Anaun"	"Анаун"	"http://dbpedia.org/resource/Category:Mountains_of_the_Kamchatka_Peninsula"
"http://dbpedia.org/resource/Anaun"	"Анаун"	"http://dbpedia.org/resource/Category:Stratovolcanoes_of_Russia"
"http://dbpedia.org/resource/Anaun"	"Анаун"	"http://dbpedia.org/resource/Category:Volcanoes_of_the_Kamchatka_Peninsula"
"http://dbpedia.org/resource/Anaun"	"Анаун"	"http://dbpedia.org/resource/Category:Holocene_Asia"
"http://dbpedia.org/resource/Anaun"	"Анаун"	"http://dbpedia.org/resource/Category:Holocene_volcanoes"
"http://dbpedia.org/resource/Anaun"	"Анаун"	"http://dbpedia.org/resource/Category:Mountains_of_the_Kamchatka_Peninsula"
"http://dbpedia.org/resource/Anaun"	"Анаун"	"http://dbpedia.org/resource/Category:Stratovolcanoes_of_Russia"
"http://dbpedia.org/resource/Anaun"	"Анаун"	"http://dbpedia.org/resource/Category:Volcanoes_of_the_Kamchatka_Peninsula"
"http://dbpedia.org/resource/Anaun"	"Анаун"	"http://dbpedia.org/resource/Category:Holocene_Asia"
"http://dbpedia.org/resource/Atsonupuri"	"Атсонупури"	"http://dbpedia.org/resource/Category:Iturup"
"http://dbpedia.org/resource/Atsonupuri"	"Атсонупури"	"http://dbpedia.org/resource/Category:Mountains_of_the_Kuril_Islands"
"http://dbpedia.org/resource/Atsonupuri"	"Атсонупури"	"http://dbpedia.org/resource/Category:Volcanoes_of_the_Kuril_Islands"
"http://dbpedia.org/resource/Atsonupuri"	"Атсонупури"	"http://dbpedia.org/resource/Category:Active_volcanoes"
"http://dbpedia.org/resource/Atsonupuri"	"Атсонупури"	"http://dbpedia.org/resource/Category:Stratovolcanoes_of_Russia"
"http://dbpedia.org/resource/Atsonupuri"	"Атсонупури"	"http://dbpedia.org/resource/Category:Iturup"
"http://dbpedia.org/resource/Atsonupuri"	"Атсонупури"	"http://dbpedia.org/resource/Category:Mountains_of_the_Kuril_Islands"
"http://dbpedia.org/resource/Atsonupuri"	"Атсонупури"	"http://dbpedia.org/resource/Category:Volcanoes_of_the_Kuril_Islands"
"http://dbpedia.org/resource/Atsonupuri"	"Атсонупури"	"http://dbpedia.org/resource/Category:Active_volcanoes"
"http://dbpedia.org/resource/Atsonupuri"	"Атсонупури"	"http://dbpedia.org/resource/Category:Stratovolcanoes_of_Russia"
"http://dbpedia.org/resource/Akhtang"	"Ахтанг"	"http://dbpedia.org/resource/Category:Holocene_volcanoes"
"http://dbpedia.org/resource/Akhtang"	"Ахтанг"	"http://dbpedia.org/resource/Category:Mountains_of_the_Kamchatka_Peninsula"
"http://dbpedia.org/resource/Akhtang"	"Ахтанг"	"http://dbpedia.org/resource/Category:Stratovolcanoes_of_Russia"
"http://dbpedia.org/resource/Akhtang"	"Ахтанг"	"http://dbpedia.org/resource/Category:Volcanoes_of_the_Kamchatka_Peninsula"
"http://dbpedia.org/resource/Akhtang"	"Ахтанг"	"http://dbpedia.org/resource/Category:Holocene_Asia"
"http://dbpedia.org/resource/Akhtang"	"Ахтанг"	"http://dbpedia.org/resource/Category:Holocene_volcanoes"
"http://dbpedia.org/resource/Akhtang"	"Ахтанг"	"http://dbpedia.org/resource/Category:Mountains_of_the_Kamchatka_Peninsula"
"http://dbpedia.org/resource/Akhtang"	"Ахтанг"	"http://dbpedia.org/resource/Category:Stratovolcanoes_of_Russia"
"http://dbpedia.org/resource/Akhtang"	"Ахтанг"	"http://dbpedia.org/resource/Category:Volcanoes_of_the_Kamchatka_Peninsula"
"http://dbpedia.org/resource/Akhtang"	"Ахтанг"	"http://dbpedia.org/resource/Category:Holocene_Asia"
"http://dbpedia.org/resource/Bakening"	"Бакенинг"	"http://dbpedia.org/resource/Category:Holocene_volcanoes"
"http://dbpedia.org/resource/Bakening"	"Бакенинг"	"http://dbpedia.org/resource/Category:Mountains_of_the_Kamchatka_Peninsula"
"http://dbpedia.org/resource/Bakening"	"Бакенинг"	"http://dbpedia.org/resource/Category:Stratovolcanoes_of_Russia"
"http://dbpedia.org/resource/Bakening"	"Бакенинг"	"http://dbpedia.org/resource/Category:Volcanoes_of_the_Kamchatka_Peninsula"
"http://dbpedia.org/resource/Bakening"	"Бакенинг"	"http://dbpedia.org/resource/Category:Holocene_Asia"
"http://dbpedia.org/resource/Bakening"	"Бакенинг"	"http://dbpedia.org/resource/Category:Holocene_volcanoes"
"http://dbpedia.org/resource/Bakening"	"Бакенинг"	"http://dbpedia.org/resource/Category:Mountains_of_the_Kamchatka_Peninsula"
"http://dbpedia.org/resource/Bakening"	"Бакенинг"	"http://dbpedia.org/resource/Category:Stratovolcanoes_of_Russia"
"http://dbpedia.org/resource/Bakening"	"Бакенинг"	"http://dbpedia.org/resource/Category:Volcanoes_of_the_Kamchatka_Peninsula"
"http://dbpedia.org/resource/Bakening"	"Бакенинг"	"http://dbpedia.org/resource/Category:Holocene_Asia"
"http://dbpedia.org/resource/Bezymianny"	"Безымянный (вулкан)"	"http://dbpedia.org/resource/Category:20th-century_volcanic_events"
"http://dbpedia.org/resource/Bezymianny"	"Безымянный (вулкан)"	"http://dbpedia.org/resource/Category:Active_volcanoes"
"http://dbpedia.org/resource/Bezymianny"	"Безымянный (вулкан)"	"http://dbpedia.org/resource/Category:Holocene_volcanoes"
"http://dbpedia.org/resource/Bezymianny"	"Безымянный (вулкан)"	"http://dbpedia.org/resource/Category:Subduction_volcanoes"
"http://dbpedia.org/resource/Bezymianny"	"Безымянный (вулкан)"	"http://dbpedia.org/resource/Category:VEI-5_volcanoes"
"http://dbpedia.org/resource/Bezymianny"	"Безымянный (вулкан)"	"http://dbpedia.org/resource/Category:Mountains_of_the_Kamchatka_Peninsula"
"http://dbpedia.org/resource/Bezymianny"	"Безымянный (вулкан)"	"http://dbpedia.org/resource/Category:Stratovolcanoes_of_Russia"
"http://dbpedia.org/resource/Bezymianny"	"Безымянный (вулкан)"	"http://dbpedia.org/resource/Category:Volcanoes_of_the_Kamchatka_Peninsula"
"http://dbpedia.org/resource/Bezymianny"	"Безымянный (вулкан)"	"http://dbpedia.org/resource/Category:Holocene_Asia"
"http://dbpedia.org/resource/Bezymianny"	"Безымянный (вулкан)"	"http://dbpedia.org/resource/Category:20th-century_volcanic_events"
"http://dbpedia.org/resource/Bezymianny"	"Безымянный (вулкан)"	"http://dbpedia.org/resource/Category:Active_volcanoes"
"http://dbpedia.org/resource/Bezymianny"	"Безымянный (вулкан)"	"http://dbpedia.org/resource/Category:Holocene_volcanoes"
"http://dbpedia.org/resource/Bezymianny"	"Безымянный (вулкан)"	"http://dbpedia.org/resource/Category:Subduction_volcanoes"
"http://dbpedia.org/resource/Bezymianny"	"Безымянный (вулкан)"	"http://dbpedia.org/resource/Category:VEI-5_volcanoes"
"http://dbpedia.org/resource/Bezymianny"	"Безымянный (вулкан)"	"http://dbpedia.org/resource/Category:Mountains_of_the_Kamchatka_Peninsula"
"http://dbpedia.org/resource/Bezymianny"	"Безымянный (вулкан)"	"http://dbpedia.org/resource/Category:Stratovolcanoes_of_Russia"
"http://dbpedia.org/resource/Bezymianny"	"Безымянный (вулкан)"	"http://dbpedia.org/resource/Category:Volcanoes_of_the_Kamchatka_Peninsula"
"http://dbpedia.org/resource/Bezymianny"	"Безымянный (вулкан)"	"http://dbpedia.org/resource/Category:Holocene_Asia"
"http://dbpedia.org/resource/Belenkaya"	"Беленькая (вулкан)"	"http://dbpedia.org/resource/Category:Holocene_volcanoes"
"http://dbpedia.org/resource/Belenkaya"	"Беленькая (вулкан)"	"http://dbpedia.org/resource/Category:Mountains_of_the_Kamchatka_Peninsula"
"http://dbpedia.org/resource/Belenkaya"	"Беленькая (вулкан)"	"http://dbpedia.org/resource/Category:Stratovolcanoes_of_Russia"
"http://dbpedia.org/resource/Belenkaya"	"Беленькая (вулкан)"	"http://dbpedia.org/resource/Category:Volcanoes_of_the_Kamchatka_Peninsula"
"http://dbpedia.org/resource/Belenkaya"	"Беленькая (вулкан)"	"http://dbpedia.org/resource/Category:Holocene_Asia"
"http://dbpedia.org/resource/Belenkaya"	"Беленькая (вулкан)"	"http://dbpedia.org/resource/Category:Holocene_volcanoes"
"http://dbpedia.org/resource/Belenkaya"	"Беленькая (вулкан)"	"http://dbpedia.org/resource/Category:Mountains_of_the_Kamchatka_Peninsula"
"http://dbpedia.org/resource/Belenkaya"	"Беленькая (вулкан)"	"http://dbpedia.org/resource/Category:Stratovolcanoes_of_Russia"
"http://dbpedia.org/resource/Belenkaya"	"Беленькая (вулкан)"	"http://dbpedia.org/resource/Category:Volcanoes_of_the_Kamchatka_Peninsula"
"http://dbpedia.org/resource/Belenkaya"	"Беленькая (вулкан)"	"http://dbpedia.org/resource/Category:Holocene_Asia"
"http://dbpedia.org/resource/Berutarube"	"Берутарубе"	"http://dbpedia.org/resource/Category:Iturup"
"http://dbpedia.org/resource/Berutarube"	"Берутарубе"	"http://dbpedia.org/resource/Category:Mountains_of_the_Kuril_Islands"
"http://dbpedia.org/resource/Berutarube"	"Берутарубе"	"http://dbpedia.org/resource/Category:Volcanoes_of_the_Kuril_Islands"
"http://dbpedia.org/resource/Berutarube"	"Берутарубе"	"http://dbpedia.org/resource/Category:Stratovolcanoes_of_Russia"
"http://dbpedia.org/resource/Berutarube"	"Берутарубе"	"http://dbpedia.org/resource/Category:Iturup"
"http://dbpedia.org/resource/Berutarube"	"Берутарубе"	"http://dbpedia.org/resource/Category:Mountains_of_the_Kuril_Islands"
"http://dbpedia.org/resource/Berutarube"	"Берутарубе"	"http://dbpedia.org/resource/Category:Volcanoes_of_the_Kuril_Islands"
"http://dbpedia.org/resource/Berutarube"	"Берутарубе"	"http://dbpedia.org/resource/Category:Stratovolcanoes_of_Russia"
"http://dbpedia.org/resource/Bliznets"	"Близнец (вулкан)"	"http://dbpedia.org/resource/Category:Holocene_volcanoes"
"http://dbpedia.org/resource/Bliznets"	"Близнец (вулкан)"	"http://dbpedia.org/resource/Category:Mountains_of_the_Kamchatka_Peninsula"
"http://dbpedia.org/resource/Bliznets"	"Близнец (вулкан)"	"http://dbpedia.org/resource/Category:Stratovolcanoes_of_Russia"
"http://dbpedia.org/resource/Bliznets"	"Близнец (вулкан)"	"http://dbpedia.org/resource/Category:Volcanoes_of_the_Kamchatka_Peninsula"
"http://dbpedia.org/resource/Bliznets"	"Близнец (вулкан)"	"http://dbpedia.org/resource/Category:Holocene_Asia"
"http://dbpedia.org/resource/Bliznets"	"Близнец (вулкан)"	"http://dbpedia.org/resource/Category:Holocene_volcanoes"
"http://dbpedia.org/resource/Bliznets"	"Близнец (вулкан)"	"http://dbpedia.org/resource/Category:Mountains_of_the_Kamchatka_Peninsula"
"http://dbpedia.org/resource/Bliznets"	"Близнец (вулкан)"	"http://dbpedia.org/resource/Category:Stratovolcanoes_of_Russia"
"http://dbpedia.org/resource/Bliznets"	"Близнец (вулкан)"	"http://dbpedia.org/resource/Category:Volcanoes_of_the_Kamchatka_Peninsula"
"http://dbpedia.org/resource/Bliznets"	"Близнец (вулкан)"	"http://dbpedia.org/resource/Category:Holocene_Asia"
"http://dbpedia.org/resource/Bogatyr_Ridge"	"Богатырь (хребет)"	"http://dbpedia.org/resource/Category:Ridges"
"http://dbpedia.org/resource/Bogatyr_Ridge"	"Богатырь (хребет)"	"http://dbpedia.org/resource/Category:Iturup"
"http://dbpedia.org/resource/Bogatyr_Ridge"	"Богатырь (хребет)"	"http://dbpedia.org/resource/Category:Stratovolcanoes_of_Russia"
"http://dbpedia.org/resource/Bogatyr_Ridge"	"Богатырь (хребет)"	"http://dbpedia.org/resource/Category:Ridges"
"http://dbpedia.org/resource/Bogatyr_Ridge"	"Богатырь (хребет)"	"http://dbpedia.org/resource/Category:Iturup"
"http://dbpedia.org/resource/Bogatyr_Ridge"	"Богатырь (хребет)"	"http://dbpedia.org/resource/Category:Stratovolcanoes_of_Russia"
"http://dbpedia.org/resource/Udina"	"Большая Удина"	"http://dbpedia.org/resource/Category:Mountains_of_the_Kamchatka_Peninsula"
"http://dbpedia.org/resource/Udina"	"Большая Удина"	"http://dbpedia.org/resource/Category:Stratovolcanoes_of_Russia"
"http://dbpedia.org/resource/Udina"	"Большая Удина"	"http://dbpedia.org/resource/Category:Volcanoes_of_the_Kamchatka_Peninsula"
"http://dbpedia.org/resource/Udina"	"Большая Удина"	"http://dbpedia.org/resource/Category:Mountains_of_the_Kamchatka_Peninsula"
"http://dbpedia.org/resource/Udina"	"Большая Удина"	"http://dbpedia.org/resource/Category:Stratovolcanoes_of_Russia"
"http://dbpedia.org/resource/Udina"	"Большая Удина"	"http://dbpedia.org/resource/Category:Volcanoes_of_the_Kamchatka_Peninsula"
"http://dbpedia.org/resource/Bolshoy_Semyachik"	"Большой Семячик"	"http://dbpedia.org/resource/Category:Mountains_of_the_Kamchatka_Peninsula"
"http://dbpedia.org/resource/Bolshoy_Semyachik"	"Большой Семячик"	"http://dbpedia.org/resource/Category:Stratovolcanoes_of_Russia"
"http://dbpedia.org/resource/Bolshoy_Semyachik"	"Большой Семячик"	"http://dbpedia.org/resource/Category:Volcanoes_of_the_Kamchatka_Peninsula"
"http://dbpedia.org/resource/Bolshoy_Semyachik"	"Большой Семячик"	"http://dbpedia.org/resource/Category:Mountains_of_the_Kamchatka_Peninsula"
"http://dbpedia.org/resource/Bolshoy_Semyachik"	"Большой Семячик"	"http://dbpedia.org/resource/Category:Stratovolcanoes_of_Russia"
"http://dbpedia.org/resource/Bolshoy_Semyachik"	"Большой Семячик"	"http://dbpedia.org/resource/Category:Volcanoes_of_the_Kamchatka_Peninsula"
"http://dbpedia.org/resource/Vilyuchik"	"Вилючинская Сопка"	"http://dbpedia.org/resource/Category:Holocene_volcanoes"
"http://dbpedia.org/resource/Vilyuchik"	"Вилючинская Сопка"	"http://dbpedia.org/resource/Category:Mountains_of_the_Kamchatka_Peninsula"
"http://dbpedia.org/resource/Vilyuchik"	"Вилючинская Сопка"	"http://dbpedia.org/resource/Category:Stratovolcanoes_of_Russia"
"http://dbpedia.org/resource/Vilyuchik"	"Вилючинская Сопка"	"http://dbpedia.org/resource/Category:Volcanoes_of_the_Kamchatka_Peninsula"
"http://dbpedia.org/resource/Vilyuchik"	"Вилючинская Сопка"	"http://dbpedia.org/resource/Category:Holocene_Asia"
"http://dbpedia.org/resource/Vilyuchik"	"Вилючинская Сопка"	"http://dbpedia.org/resource/Category:Holocene_volcanoes"
"http://dbpedia.org/resource/Vilyuchik"	"Вилючинская Сопка"	"http://dbpedia.org/resource/Category:Mountains_of_the_Kamchatka_Peninsula"
"http://dbpedia.org/resource/Vilyuchik"	"Вилючинская Сопка"	"http://dbpedia.org/resource/Category:Stratovolcanoes_of_Russia"
"http://dbpedia.org/resource/Vilyuchik"	"Вилючинская Сопка"	"http://dbpedia.org/resource/Category:Volcanoes_of_the_Kamchatka_Peninsula"
"http://dbpedia.org/resource/Vilyuchik"	"Вилючинская Сопка"	"http://dbpedia.org/resource/Category:Holocene_Asia"
"http://dbpedia.org/resource/Baransky"	"Вулкан Баранского"	"http://dbpedia.org/resource/Category:Iturup"
"http://dbpedia.org/resource/Baransky"	"Вулкан Баранского"	"http://dbpedia.org/resource/Category:Mountains_of_the_Kuril_Islands"
"http://dbpedia.org/resource/Baransky"	"Вулкан Баранского"	"http://dbpedia.org/resource/Category:Active_volcanoes"
"http://dbpedia.org/resource/Baransky"	"Вулкан Баранского"	"http://dbpedia.org/resource/Category:Stratovolcanoes_of_Russia"
"http://dbpedia.org/resource/Baransky"	"Вулкан Баранского"	"http://dbpedia.org/resource/Category:Iturup"
"http://dbpedia.org/resource/Baransky"	"Вулкан Баранского"	"http://dbpedia.org/resource/Category:Mountains_of_the_Kuril_Islands"
"http://dbpedia.org/resource/Baransky"	"Вулкан Баранского"	"http://dbpedia.org/resource/Category:Active_volcanoes"
"http://dbpedia.org/resource/Baransky"	"Вулкан Баранского"	"http://dbpedia.org/resource/Category:Stratovolcanoes_of_Russia"
"http://dbpedia.org/resource/Kell_(volcano)"	"Вулкан Келля"	"http://dbpedia.org/resource/Category:Holocene_volcanoes"
"http://dbpedia.org/resource/Kell_(volcano)"	"Вулкан Келля"	"http://dbpedia.org/resource/Category:Mountains_of_the_Kamchatka_Peninsula"
"http://dbpedia.org/resource/Kell_(volcano)"	"Вулкан Келля"	"http://dbpedia.org/resource/Category:Stratovolcanoes_of_Russia"
"http://dbpedia.org/resource/Kell_(volcano)"	"Вулкан Келля"	"http://dbpedia.org/resource/Category:Volcanoes_of_the_Kamchatka_Peninsula"
"http://dbpedia.org/resource/Kell_(volcano)"	"Вулкан Келля"	"http://dbpedia.org/resource/Category:Holocene_Asia"
"http://dbpedia.org/resource/Kell_(volcano)"	"Вулкан Келля"	"http://dbpedia.org/resource/Category:Holocene_volcanoes"
"http://dbpedia.org/resource/Kell_(volcano)"	"Вулкан Келля"	"http://dbpedia.org/resource/Category:Mountains_of_the_Kamchatka_Peninsula"
"http://dbpedia.org/resource/Kell_(volcano)"	"Вулкан Келля"	"http://dbpedia.org/resource/Category:Stratovolcanoes_of_Russia"
"http://dbpedia.org/resource/Kell_(volcano)"	"Вулкан Келля"	"http://dbpedia.org/resource/Category:Volcanoes_of_the_Kamchatka_Peninsula"
"http://dbpedia.org/resource/Kell_(volcano)"	"Вулкан Келля"	"http://dbpedia.org/resource/Category:Holocene_Asia"
"http://dbpedia.org/resource/Koshelev_(volcano)"	"Вулкан Кошелева"	"http://dbpedia.org/resource/Category:Mountains_of_the_Kamchatka_Peninsula"
"http://dbpedia.org/resource/Koshelev_(volcano)"	"Вулкан Кошелева"	"http://dbpedia.org/resource/Category:Stratovolcanoes_of_Russia"
"http://dbpedia.org/resource/Koshelev_(volcano)"	"Вулкан Кошелева"	"http://dbpedia.org/resource/Category:Volcanoes_of_the_Kamchatka_Peninsula"
"http://dbpedia.org/resource/Koshelev_(volcano)"	"Вулкан Кошелева"	"http://dbpedia.org/resource/Category:Mountains_of_the_Kamchatka_Peninsula"
"http://dbpedia.org/resource/Koshelev_(volcano)"	"Вулкан Кошелева"	"http://dbpedia.org/resource/Category:Stratovolcanoes_of_Russia"
"http://dbpedia.org/resource/Koshelev_(volcano)"	"Вулкан Кошелева"	"http://dbpedia.org/resource/Category:Volcanoes_of_the_Kamchatka_Peninsula"
"http://dbpedia.org/resource/Krasheninnikov_(volcano)"	"Вулкан Крашенинникова"	"http://dbpedia.org/resource/Category:Mountains_of_the_Kamchatka_Peninsula"
"http://dbpedia.org/resource/Krasheninnikov_(volcano)"	"Вулкан Крашенинникова"	"http://dbpedia.org/resource/Category:Stratovolcanoes_of_Russia"
"http://dbpedia.org/resource/Krasheninnikov_(volcano)"	"Вулкан Крашенинникова"	"http://dbpedia.org/resource/Category:Volcanoes_of_the_Kamchatka_Peninsula"
"http://dbpedia.org/resource/Krasheninnikov_(volcano)"	"Вулкан Крашенинникова"	"http://dbpedia.org/resource/Category:Volcanic_calderas_of_Russia"
"http://dbpedia.org/resource/Krasheninnikov_(volcano)"	"Вулкан Крашенинникова"	"http://dbpedia.org/resource/Category:Mountains_of_the_Kamchatka_Peninsula"
"http://dbpedia.org/resource/Krasheninnikov_(volcano)"	"Вулкан Крашенинникова"	"http://dbpedia.org/resource/Category:Stratovolcanoes_of_Russia"
"http://dbpedia.org/resource/Krasheninnikov_(volcano)"	"Вулкан Крашенинникова"	"http://dbpedia.org/resource/Category:Volcanoes_of_the_Kamchatka_Peninsula"
"http://dbpedia.org/resource/Krasheninnikov_(volcano)"	"Вулкан Крашенинникова"	"http://dbpedia.org/resource/Category:Volcanic_calderas_of_Russia"
"http://dbpedia.org/resource/Mashkovtsev_(volcano)"	"Вулкан Машковцева"	"http://dbpedia.org/resource/Category:Mountains_of_the_Kamchatka_Peninsula"
"http://dbpedia.org/resource/Mashkovtsev_(volcano)"	"Вулкан Машковцева"	"http://dbpedia.org/resource/Category:Stratovolcanoes_of_Russia"
"http://dbpedia.org/resource/Mashkovtsev_(volcano)"	"Вулкан Машковцева"	"http://dbpedia.org/resource/Category:Volcanoes_of_the_Kamchatka_Peninsula"
"http://dbpedia.org/resource/Mashkovtsev_(volcano)"	"Вулкан Машковцева"	"http://dbpedia.org/resource/Category:Mountains_of_the_Kamchatka_Peninsula"
"http://dbpedia.org/resource/Mashkovtsev_(volcano)"	"Вулкан Машковцева"	"http://dbpedia.org/resource/Category:Stratovolcanoes_of_Russia"
"http://dbpedia.org/resource/Mashkovtsev_(volcano)"	"Вулкан Машковцева"	"http://dbpedia.org/resource/Category:Volcanoes_of_the_Kamchatka_Peninsula"
"http://dbpedia.org/resource/Mendeleyeva"	"Вулкан Менделеева"	"http://dbpedia.org/resource/Category:Kunashir_Island"
"http://dbpedia.org/resource/Mendeleyeva"	"Вулкан Менделеева"	"http://dbpedia.org/resource/Category:Active_volcanoes"
"http://dbpedia.org/resource/Mendeleyeva"	"Вулкан Менделеева"	"http://dbpedia.org/resource/Category:Stratovolcanoes_of_Russia"
"http://dbpedia.org/resource/Mendeleyeva"	"Вулкан Менделеева"	"http://dbpedia.org/resource/Category:Kunashir_Island"
"http://dbpedia.org/resource/Mendeleyeva"	"Вулкан Менделеева"	"http://dbpedia.org/resource/Category:Active_volcanoes"
"http://dbpedia.org/resource/Mendeleyeva"	"Вулкан Менделеева"	"http://dbpedia.org/resource/Category:Stratovolcanoes_of_Russia"
"http://dbpedia.org/resource/Sarychev_Peak"	"Вулкан Сарычева"	"http://dbpedia.org/resource/Category:Matua_(island)"
"http://dbpedia.org/resource/Sarychev_Peak"	"Вулкан Сарычева"	"http://dbpedia.org/resource/Category:Active_volcanoes"
"http://dbpedia.org/resource/Sarychev_Peak"	"Вулкан Сарычева"	"http://dbpedia.org/resource/Category:Articles_containing_video_clips"
"http://dbpedia.org/resource/Sarychev_Peak"	"Вулкан Сарычева"	"http://dbpedia.org/resource/Category:21st-century_volcanic_events"
"http://dbpedia.org/resource/Sarychev_Peak"	"Вулкан Сарычева"	"http://dbpedia.org/resource/Category:Stratovolcanoes_of_Russia"
"http://dbpedia.org/resource/Sarychev_Peak"	"Вулкан Сарычева"	"http://dbpedia.org/resource/Category:VEI-4_volcanoes"
"http://dbpedia.org/resource/Sarychev_Peak"	"Вулкан Сарычева"	"http://dbpedia.org/resource/Category:Matua_(island)"
"http://dbpedia.org/resource/Sarychev_Peak"	"Вулкан Сарычева"	"http://dbpedia.org/resource/Category:Active_volcanoes"
"http://dbpedia.org/resource/Sarychev_Peak"	"Вулкан Сарычева"	"http://dbpedia.org/resource/Category:Articles_containing_video_clips"
"http://dbpedia.org/resource/Sarychev_Peak"	"Вулкан Сарычева"	"http://dbpedia.org/resource/Category:21st-century_volcanic_events"
"http://dbpedia.org/resource/Sarychev_Peak"	"Вулкан Сарычева"	"http://dbpedia.org/resource/Category:Stratovolcanoes_of_Russia"
"http://dbpedia.org/resource/Sarychev_Peak"	"Вулкан Сарычева"	"http://dbpedia.org/resource/Category:VEI-4_volcanoes"
"http://dbpedia.org/resource/Smirnov_(volcano)"	"Вулкан Смирнова"	"http://dbpedia.org/resource/Category:Kunashir_Island"
"http://dbpedia.org/resource/Smirnov_(volcano)"	"Вулкан Смирнова"	"http://dbpedia.org/resource/Category:Mountains_of_the_Kuril_Islands"
"http://dbpedia.org/resource/Smirnov_(volcano)"	"Вулкан Смирнова"	"http://dbpedia.org/resource/Category:Volcanoes_of_the_Kuril_Islands"
"http://dbpedia.org/resource/Smirnov_(volcano)"	"Вулкан Смирнова"	"http://dbpedia.org/resource/Category:Holocene_volcanoes"
"http://dbpedia.org/resource/Smirnov_(volcano)"	"Вулкан Смирнова"	"http://dbpedia.org/resource/Category:Stratovolcanoes_of_Russia"
"http://dbpedia.org/resource/Smirnov_(volcano)"	"Вулкан Смирнова"	"http://dbpedia.org/resource/Category:Holocene_Asia"
"http://dbpedia.org/resource/Smirnov_(volcano)"	"Вулкан Смирнова"	"http://dbpedia.org/resource/Category:Kunashir_Island"
"http://dbpedia.org/resource/Smirnov_(volcano)"	"Вулкан Смирнова"	"http://dbpedia.org/resource/Category:Mountains_of_the_Kuril_Islands"
"http://dbpedia.org/resource/Smirnov_(volcano)"	"Вулкан Смирнова"	"http://dbpedia.org/resource/Category:Volcanoes_of_the_Kuril_Islands"
"http://dbpedia.org/resource/Smirnov_(volcano)"	"Вулкан Смирнова"	"http://dbpedia.org/resource/Category:Holocene_volcanoes"
"http://dbpedia.org/resource/Smirnov_(volcano)"	"Вулкан Смирнова"	"http://dbpedia.org/resource/Category:Stratovolcanoes_of_Russia"
"http://dbpedia.org/resource/Smirnov_(volcano)"	"Вулкан Смирнова"	"http://dbpedia.org/resource/Category:Holocene_Asia"
"http://dbpedia.org/resource/Fuss_Peak"	"Вулкан Фусса"	"http://dbpedia.org/resource/Category:Paramushir"
"http://dbpedia.org/resource/Fuss_Peak"	"Вулкан Фусса"	"http://dbpedia.org/resource/Category:Active_volcanoes"
"http://dbpedia.org/resource/Fuss_Peak"	"Вулкан Фусса"	"http://dbpedia.org/resource/Category:Stratovolcanoes_of_Russia"
"http://dbpedia.org/resource/Fuss_Peak"	"Вулкан Фусса"	"http://dbpedia.org/resource/Category:Paramushir"
"http://dbpedia.org/resource/Fuss_Peak"	"Вулкан Фусса"	"http://dbpedia.org/resource/Category:Active_volcanoes"
"http://dbpedia.org/resource/Fuss_Peak"	"Вулкан Фусса"	"http://dbpedia.org/resource/Category:Stratovolcanoes_of_Russia"
"http://dbpedia.org/resource/Vysoky_(lower_stratovolcano)"	"Высокий (вулкан, 1234 м)"	"http://dbpedia.org/resource/Category:Holocene_volcanoes"
"http://dbpedia.org/resource/Vysoky_(lower_stratovolcano)"	"Высокий (вулкан, 1234 м)"	"http://dbpedia.org/resource/Category:Mountains_of_the_Kamchatka_Peninsula"
"http://dbpedia.org/resource/Vysoky_(lower_stratovolcano)"	"Высокий (вулкан, 1234 м)"	"http://dbpedia.org/resource/Category:Stratovolcanoes_of_Russia"
"http://dbpedia.org/resource/Vysoky_(lower_stratovolcano)"	"Высокий (вулкан, 1234 м)"	"http://dbpedia.org/resource/Category:Volcanoes_of_the_Kamchatka_Peninsula"
"http://dbpedia.org/resource/Vysoky_(lower_stratovolcano)"	"Высокий (вулкан, 1234 м)"	"http://dbpedia.org/resource/Category:Holocene_Asia"
"http://dbpedia.org/resource/Vysoky_(lower_stratovolcano)"	"Высокий (вулкан, 1234 м)"	"http://dbpedia.org/resource/Category:Holocene_volcanoes"
"http://dbpedia.org/resource/Vysoky_(lower_stratovolcano)"	"Высокий (вулкан, 1234 м)"	"http://dbpedia.org/resource/Category:Mountains_of_the_Kamchatka_Peninsula"
"http://dbpedia.org/resource/Vysoky_(lower_stratovolcano)"	"Высокий (вулкан, 1234 м)"	"http://dbpedia.org/resource/Category:Stratovolcanoes_of_Russia"
"http://dbpedia.org/resource/Vysoky_(lower_stratovolcano)"	"Высокий (вулкан, 1234 м)"	"http://dbpedia.org/resource/Category:Volcanoes_of_the_Kamchatka_Peninsula"
"http://dbpedia.org/resource/Vysoky_(lower_stratovolcano)"	"Высокий (вулкан, 1234 м)"	"http://dbpedia.org/resource/Category:Holocene_Asia"
"http://dbpedia.org/resource/Vysoky_(higher_stratovolcano)"	"Высокий (вулкан, 2161 м)"	"http://dbpedia.org/resource/Category:Mountains_of_the_Kamchatka_Peninsula"
"http://dbpedia.org/resource/Vysoky_(higher_stratovolcano)"	"Высокий (вулкан, 2161 м)"	"http://dbpedia.org/resource/Category:Stratovolcanoes_of_Russia"
"http://dbpedia.org/resource/Vysoky_(higher_stratovolcano)"	"Высокий (вулкан, 2161 м)"	"http://dbpedia.org/resource/Category:Volcanoes_of_the_Kamchatka_Peninsula"
"http://dbpedia.org/resource/Vysoky_(higher_stratovolcano)"	"Высокий (вулкан, 2161 м)"	"http://dbpedia.org/resource/Category:Mountains_of_the_Kamchatka_Peninsula"
"http://dbpedia.org/resource/Vysoky_(higher_stratovolcano)"	"Высокий (вулкан, 2161 м)"	"http://dbpedia.org/resource/Category:Stratovolcanoes_of_Russia"
"http://dbpedia.org/resource/Vysoky_(higher_stratovolcano)"	"Высокий (вулкан, 2161 м)"	"http://dbpedia.org/resource/Category:Volcanoes_of_the_Kamchatka_Peninsula"
"http://dbpedia.org/resource/Golaya"	"Голая (вулкан)"	"http://dbpedia.org/resource/Category:Holocene_volcanoes"
"http://dbpedia.org/resource/Golaya"	"Голая (вулкан)"	"http://dbpedia.org/resource/Category:Mountains_of_the_Kamchatka_Peninsula"
"http://dbpedia.org/resource/Golaya"	"Голая (вулкан)"	"http://dbpedia.org/resource/Category:Stratovolcanoes_of_Russia"
"http://dbpedia.org/resource/Golaya"	"Голая (вулкан)"	"http://dbpedia.org/resource/Category:Volcanoes_of_the_Kamchatka_Peninsula"
"http://dbpedia.org/resource/Golaya"	"Голая (вулкан)"	"http://dbpedia.org/resource/Category:Holocene_Asia"
"http://dbpedia.org/resource/Golaya"	"Голая (вулкан)"	"http://dbpedia.org/resource/Category:Holocene_volcanoes"
"http://dbpedia.org/resource/Golaya"	"Голая (вулкан)"	"http://dbpedia.org/resource/Category:Mountains_of_the_Kamchatka_Peninsula"
"http://dbpedia.org/resource/Golaya"	"Голая (вулкан)"	"http://dbpedia.org/resource/Category:Stratovolcanoes_of_Russia"
"http://dbpedia.org/resource/Golaya"	"Голая (вулкан)"	"http://dbpedia.org/resource/Category:Volcanoes_of_the_Kamchatka_Peninsula"
"http://dbpedia.org/resource/Golaya"	"Голая (вулкан)"	"http://dbpedia.org/resource/Category:Holocene_Asia"
"http://dbpedia.org/resource/Rudakov"	"Гора Рудакова"	"http://dbpedia.org/resource/Category:Urup"
"http://dbpedia.org/resource/Rudakov"	"Гора Рудакова"	"http://dbpedia.org/resource/Category:Crater_lakes"
"http://dbpedia.org/resource/Rudakov"	"Гора Рудакова"	"http://dbpedia.org/resource/Category:Holocene_volcanoes"
"http://dbpedia.org/resource/Rudakov"	"Гора Рудакова"	"http://dbpedia.org/resource/Category:Stratovolcanoes_of_Russia"
"http://dbpedia.org/resource/Rudakov"	"Гора Рудакова"	"http://dbpedia.org/resource/Category:Holocene_Asia"
"http://dbpedia.org/resource/Rudakov"	"Гора Рудакова"	"http://dbpedia.org/resource/Category:Urup"
"http://dbpedia.org/resource/Rudakov"	"Гора Рудакова"	"http://dbpedia.org/resource/Category:Crater_lakes"
"http://dbpedia.org/resource/Rudakov"	"Гора Рудакова"	"http://dbpedia.org/resource/Category:Holocene_volcanoes"
"http://dbpedia.org/resource/Rudakov"	"Гора Рудакова"	"http://dbpedia.org/resource/Category:Stratovolcanoes_of_Russia"
"http://dbpedia.org/resource/Rudakov"	"Гора Рудакова"	"http://dbpedia.org/resource/Category:Holocene_Asia"
"http://dbpedia.org/resource/Gorely"	"Горелый (вулкан)"	"http://dbpedia.org/resource/Category:Active_volcanoes"
"http://dbpedia.org/resource/Gorely"	"Горелый (вулкан)"	"http://dbpedia.org/resource/Category:Holocene_volcanoes"
"http://dbpedia.org/resource/Gorely"	"Горелый (вулкан)"	"http://dbpedia.org/resource/Category:VEI-3_volcanoes"
"http://dbpedia.org/resource/Gorely"	"Горелый (вулкан)"	"http://dbpedia.org/resource/Category:Mountains_of_the_Kamchatka_Peninsula"
"http://dbpedia.org/resource/Gorely"	"Горелый (вулкан)"	"http://dbpedia.org/resource/Category:Stratovolcanoes_of_Russia"
"http://dbpedia.org/resource/Gorely"	"Горелый (вулкан)"	"http://dbpedia.org/resource/Category:Volcanoes_of_the_Kamchatka_Peninsula"
"http://dbpedia.org/resource/Gorely"	"Горелый (вулкан)"	"http://dbpedia.org/resource/Category:Volcanic_calderas_of_Russia"
"http://dbpedia.org/resource/Gorely"	"Горелый (вулкан)"	"http://dbpedia.org/resource/Category:Holocene_Asia"
"http://dbpedia.org/resource/Gorely"	"Горелый (вулкан)"	"http://dbpedia.org/resource/Category:Active_volcanoes"
"http://dbpedia.org/resource/Gorely"	"Горелый (вулкан)"	"http://dbpedia.org/resource/Category:Holocene_volcanoes"
"http://dbpedia.org/resource/Gorely"	"Горелый (вулкан)"	"http://dbpedia.org/resource/Category:VEI-3_volcanoes"
"http://dbpedia.org/resource/Gorely"	"Горелый (вулкан)"	"http://dbpedia.org/resource/Category:Mountains_of_the_Kamchatka_Peninsula"
"http://dbpedia.org/resource/Gorely"	"Горелый (вулкан)"	"http://dbpedia.org/resource/Category:Stratovolcanoes_of_Russia"
"http://dbpedia.org/resource/Gorely"	"Горелый (вулкан)"	"http://dbpedia.org/resource/Category:Volcanoes_of_the_Kamchatka_Peninsula"
"http://dbpedia.org/resource/Gorely"	"Горелый (вулкан)"	"http://dbpedia.org/resource/Category:Volcanic_calderas_of_Russia"
"http://dbpedia.org/resource/Gorely"	"Горелый (вулкан)"	"http://dbpedia.org/resource/Category:Holocene_Asia"
"http://dbpedia.org/resource/Gorny_Institute"	"Горный Институт (вулкан)"	"http://dbpedia.org/resource/Category:Holocene_volcanoes"
"http://dbpedia.org/resource/Gorny_Institute"	"Горный Институт (вулкан)"	"http://dbpedia.org/resource/Category:Mountains_of_the_Kamchatka_Peninsula"
"http://dbpedia.org/resource/Gorny_Institute"	"Горный Институт (вулкан)"	"http://dbpedia.org/resource/Category:Stratovolcanoes_of_Russia"
"http://dbpedia.org/resource/Gorny_Institute"	"Горный Институт (вулкан)"	"http://dbpedia.org/resource/Category:Volcanoes_of_the_Kamchatka_Peninsula"
"http://dbpedia.org/resource/Gorny_Institute"	"Горный Институт (вулкан)"	"http://dbpedia.org/resource/Category:Holocene_Asia"
"http://dbpedia.org/resource/Gorny_Institute"	"Горный Институт (вулкан)"	"http://dbpedia.org/resource/Category:Holocene_volcanoes"
"http://dbpedia.org/resource/Gorny_Institute"	"Горный Институт (вулкан)"	"http://dbpedia.org/resource/Category:Mountains_of_the_Kamchatka_Peninsula"
"http://dbpedia.org/resource/Gorny_Institute"	"Горный Институт (вулкан)"	"http://dbpedia.org/resource/Category:Stratovolcanoes_of_Russia"
"http://dbpedia.org/resource/Gorny_Institute"	"Горный Институт (вулкан)"	"http://dbpedia.org/resource/Category:Volcanoes_of_the_Kamchatka_Peninsula"
"http://dbpedia.org/resource/Gorny_Institute"	"Горный Институт (вулкан)"	"http://dbpedia.org/resource/Category:Holocene_Asia"
"http://dbpedia.org/resource/Goryashchaya_Sopka"	"Горящая Сопка"	"http://dbpedia.org/resource/Category:Simushir"
"http://dbpedia.org/resource/Goryashchaya_Sopka"	"Горящая Сопка"	"http://dbpedia.org/resource/Category:Volcanoes_of_the_Kuril_Islands"
"http://dbpedia.org/resource/Goryashchaya_Sopka"	"Горящая Сопка"	"http://dbpedia.org/resource/Category:Stratovolcanoes_of_Russia"
"http://dbpedia.org/resource/Goryashchaya_Sopka"	"Горящая Сопка"	"http://dbpedia.org/resource/Category:Simushir"
"http://dbpedia.org/resource/Goryashchaya_Sopka"	"Горящая Сопка"	"http://dbpedia.org/resource/Category:Volcanoes_of_the_Kuril_Islands"
"http://dbpedia.org/resource/Goryashchaya_Sopka"	"Горящая Сопка"	"http://dbpedia.org/resource/Category:Stratovolcanoes_of_Russia"
"http://dbpedia.org/resource/Demon_(volcano)"	"Демон (вулкан)"	"http://dbpedia.org/resource/Category:Iturup"
"http://dbpedia.org/resource/Demon_(volcano)"	"Демон (вулкан)"	"http://dbpedia.org/resource/Category:Mountains_of_the_Kuril_Islands"
"http://dbpedia.org/resource/Demon_(volcano)"	"Демон (вулкан)"	"http://dbpedia.org/resource/Category:Volcanoes_of_the_Kuril_Islands"
"http://dbpedia.org/resource/Demon_(volcano)"	"Демон (вулкан)"	"http://dbpedia.org/resource/Category:Holocene_volcanoes"
"http://dbpedia.org/resource/Demon_(volcano)"	"Демон (вулкан)"	"http://dbpedia.org/resource/Category:Stratovolcanoes_of_Russia"
"http://dbpedia.org/resource/Demon_(volcano)"	"Демон (вулкан)"	"http://dbpedia.org/resource/Category:Holocene_Asia"
"http://dbpedia.org/resource/Demon_(volcano)"	"Демон (вулкан)"	"http://dbpedia.org/resource/Category:Iturup"
"http://dbpedia.org/resource/Demon_(volcano)"	"Демон (вулкан)"	"http://dbpedia.org/resource/Category:Mountains_of_the_Kuril_Islands"
"http://dbpedia.org/resource/Demon_(volcano)"	"Демон (вулкан)"	"http://dbpedia.org/resource/Category:Volcanoes_of_the_Kuril_Islands"
"http://dbpedia.org/resource/Demon_(volcano)"	"Демон (вулкан)"	"http://dbpedia.org/resource/Category:Holocene_volcanoes"
"http://dbpedia.org/resource/Demon_(volcano)"	"Демон (вулкан)"	"http://dbpedia.org/resource/Category:Stratovolcanoes_of_Russia"
"http://dbpedia.org/resource/Demon_(volcano)"	"Демон (вулкан)"	"http://dbpedia.org/resource/Category:Holocene_Asia"
"http://dbpedia.org/resource/Dzenzursky"	"Дзензур"	"http://dbpedia.org/resource/Category:Complex_volcanoes"
"http://dbpedia.org/resource/Dzenzursky"	"Дзензур"	"http://dbpedia.org/resource/Category:Holocene_volcanoes"
"http://dbpedia.org/resource/Dzenzursky"	"Дзензур"	"http://dbpedia.org/resource/Category:Mountains_of_the_Kamchatka_Peninsula"
"http://dbpedia.org/resource/Dzenzursky"	"Дзензур"	"http://dbpedia.org/resource/Category:Stratovolcanoes_of_Russia"
"http://dbpedia.org/resource/Dzenzursky"	"Дзензур"	"http://dbpedia.org/resource/Category:Volcanoes_of_the_Kamchatka_Peninsula"
"http://dbpedia.org/resource/Dzenzursky"	"Дзензур"	"http://dbpedia.org/resource/Category:Holocene_Asia"
"http://dbpedia.org/resource/Dzenzursky"	"Дзензур"	"http://dbpedia.org/resource/Category:Complex_volcanoes"
"http://dbpedia.org/resource/Dzenzursky"	"Дзензур"	"http://dbpedia.org/resource/Category:Holocene_volcanoes"
"http://dbpedia.org/resource/Dzenzursky"	"Дзензур"	"http://dbpedia.org/resource/Category:Mountains_of_the_Kamchatka_Peninsula"
"http://dbpedia.org/resource/Dzenzursky"	"Дзензур"	"http://dbpedia.org/resource/Category:Stratovolcanoes_of_Russia"
"http://dbpedia.org/resource/Dzenzursky"	"Дзензур"	"http://dbpedia.org/resource/Category:Volcanoes_of_the_Kamchatka_Peninsula"
"http://dbpedia.org/resource/Dzenzursky"	"Дзензур"	"http://dbpedia.org/resource/Category:Holocene_Asia"
"http://dbpedia.org/resource/Zheltovsky"	"Желтовская Сопка"	"http://dbpedia.org/resource/Category:Active_volcanoes"
"http://dbpedia.org/resource/Zheltovsky"	"Желтовская Сопка"	"http://dbpedia.org/resource/Category:Mountains_of_the_Kamchatka_Peninsula"
"http://dbpedia.org/resource/Zheltovsky"	"Желтовская Сопка"	"http://dbpedia.org/resource/Category:Stratovolcanoes_of_Russia"
"http://dbpedia.org/resource/Zheltovsky"	"Желтовская Сопка"	"http://dbpedia.org/resource/Category:Volcanoes_of_the_Kamchatka_Peninsula"
"http://dbpedia.org/resource/Zheltovsky"	"Желтовская Сопка"	"http://dbpedia.org/resource/Category:Active_volcanoes"
"http://dbpedia.org/resource/Zheltovsky"	"Желтовская Сопка"	"http://dbpedia.org/resource/Category:Mountains_of_the_Kamchatka_Peninsula"
"http://dbpedia.org/resource/Zheltovsky"	"Желтовская Сопка"	"http://dbpedia.org/resource/Category:Stratovolcanoes_of_Russia"
"http://dbpedia.org/resource/Zheltovsky"	"Желтовская Сопка"	"http://dbpedia.org/resource/Category:Volcanoes_of_the_Kamchatka_Peninsula"
"http://dbpedia.org/resource/Zhupanovsky"	"Жупановская Сопка"	"http://dbpedia.org/resource/Category:Active_volcanoes"
"http://dbpedia.org/resource/Zhupanovsky"	"Жупановская Сопка"	"http://dbpedia.org/resource/Category:Complex_volcanoes"
"http://dbpedia.org/resource/Zhupanovsky"	"Жупановская Сопка"	"http://dbpedia.org/resource/Category:Holocene_volcanoes"
"http://dbpedia.org/resource/Zhupanovsky"	"Жупановская Сопка"	"http://dbpedia.org/resource/Category:Mountains_of_the_Kamchatka_Peninsula"
"http://dbpedia.org/resource/Zhupanovsky"	"Жупановская Сопка"	"http://dbpedia.org/resource/Category:Stratovolcanoes_of_Russia"
"http://dbpedia.org/resource/Zhupanovsky"	"Жупановская Сопка"	"http://dbpedia.org/resource/Category:Volcanoes_of_the_Kamchatka_Peninsula"
"http://dbpedia.org/resource/Zhupanovsky"	"Жупановская Сопка"	"http://dbpedia.org/resource/Category:Holocene_Asia"
"http://dbpedia.org/resource/Zhupanovsky"	"Жупановская Сопка"	"http://dbpedia.org/resource/Category:Active_volcanoes"
"http://dbpedia.org/resource/Zhupanovsky"	"Жупановская Сопка"	"http://dbpedia.org/resource/Category:Complex_volcanoes"
"http://dbpedia.org/resource/Zhupanovsky"	"Жупановская Сопка"	"http://dbpedia.org/resource/Category:Holocene_volcanoes"
"http://dbpedia.org/resource/Zhupanovsky"	"Жупановская Сопка"	"http://dbpedia.org/resource/Category:Mountains_of_the_Kamchatka_Peninsula"
"http://dbpedia.org/resource/Zhupanovsky"	"Жупановская Сопка"	"http://dbpedia.org/resource/Category:Stratovolcanoes_of_Russia"
"http://dbpedia.org/resource/Zhupanovsky"	"Жупановская Сопка"	"http://dbpedia.org/resource/Category:Volcanoes_of_the_Kamchatka_Peninsula"
"http://dbpedia.org/resource/Zhupanovsky"	"Жупановская Сопка"	"http://dbpedia.org/resource/Category:Holocene_Asia"
"http://dbpedia.org/resource/Zimin_volcano"	"Зимина (вулкан)"	"http://dbpedia.org/resource/Category:Mountains_of_the_Kamchatka_Peninsula"
"http://dbpedia.org/resource/Zimin_volcano"	"Зимина (вулкан)"	"http://dbpedia.org/resource/Category:Stratovolcanoes_of_Russia"
"http://dbpedia.org/resource/Zimin_volcano"	"Зимина (вулкан)"	"http://dbpedia.org/resource/Category:Volcanoes_of_the_Kamchatka_Peninsula"
"http://dbpedia.org/resource/Zimin_volcano"	"Зимина (вулкан)"	"http://dbpedia.org/resource/Category:Mountains_of_the_Kamchatka_Peninsula"
"http://dbpedia.org/resource/Zimin_volcano"	"Зимина (вулкан)"	"http://dbpedia.org/resource/Category:Stratovolcanoes_of_Russia"
"http://dbpedia.org/resource/Zimin_volcano"	"Зимина (вулкан)"	"http://dbpedia.org/resource/Category:Volcanoes_of_the_Kamchatka_Peninsula"
"http://dbpedia.org/resource/Ilyinsky_(volcano)"	"Ильинская Сопка"	"http://dbpedia.org/resource/Category:Holocene_volcanoes"
"http://dbpedia.org/resource/Ilyinsky_(volcano)"	"Ильинская Сопка"	"http://dbpedia.org/resource/Category:Mountains_of_the_Kamchatka_Peninsula"
"http://dbpedia.org/resource/Ilyinsky_(volcano)"	"Ильинская Сопка"	"http://dbpedia.org/resource/Category:Stratovolcanoes_of_Russia"
"http://dbpedia.org/resource/Ilyinsky_(volcano)"	"Ильинская Сопка"	"http://dbpedia.org/resource/Category:Volcanoes_of_the_Kamchatka_Peninsula"
"http://dbpedia.org/resource/Ilyinsky_(volcano)"	"Ильинская Сопка"	"http://dbpedia.org/resource/Category:Holocene_Asia"
"http://dbpedia.org/resource/Ilyinsky_(volcano)"	"Ильинская Сопка"	"http://dbpedia.org/resource/Category:Holocene_volcanoes"
"http://dbpedia.org/resource/Ilyinsky_(volcano)"	"Ильинская Сопка"	"http://dbpedia.org/resource/Category:Mountains_of_the_Kamchatka_Peninsula"
"http://dbpedia.org/resource/Ilyinsky_(volcano)"	"Ильинская Сопка"	"http://dbpedia.org/resource/Category:Stratovolcanoes_of_Russia"
"http://dbpedia.org/resource/Ilyinsky_(volcano)"	"Ильинская Сопка"	"http://dbpedia.org/resource/Category:Volcanoes_of_the_Kamchatka_Peninsula"
"http://dbpedia.org/resource/Ilyinsky_(volcano)"	"Ильинская Сопка"	"http://dbpedia.org/resource/Category:Holocene_Asia"
"http://dbpedia.org/resource/Ichinsky"	"Ичинская Сопка"	"http://dbpedia.org/resource/Category:Holocene_volcanoes"
"http://dbpedia.org/resource/Ichinsky"	"Ичинская Сопка"	"http://dbpedia.org/resource/Category:Mountains_of_the_Kamchatka_Peninsula"
"http://dbpedia.org/resource/Ichinsky"	"Ичинская Сопка"	"http://dbpedia.org/resource/Category:Stratovolcanoes_of_Russia"
"http://dbpedia.org/resource/Ichinsky"	"Ичинская Сопка"	"http://dbpedia.org/resource/Category:Volcanoes_of_the_Kamchatka_Peninsula"
"http://dbpedia.org/resource/Ichinsky"	"Ичинская Сопка"	"http://dbpedia.org/resource/Category:Volcanic_calderas_of_Russia"
"http://dbpedia.org/resource/Ichinsky"	"Ичинская Сопка"	"http://dbpedia.org/resource/Category:Holocene_Asia"
"http://dbpedia.org/resource/Ichinsky"	"Ичинская Сопка"	"http://dbpedia.org/resource/Category:Holocene_volcanoes"
"http://dbpedia.org/resource/Ichinsky"	"Ичинская Сопка"	"http://dbpedia.org/resource/Category:Mountains_of_the_Kamchatka_Peninsula"
"http://dbpedia.org/resource/Ichinsky"	"Ичинская Сопка"	"http://dbpedia.org/resource/Category:Stratovolcanoes_of_Russia"
"http://dbpedia.org/resource/Ichinsky"	"Ичинская Сопка"	"http://dbpedia.org/resource/Category:Volcanoes_of_the_Kamchatka_Peninsula"
"http://dbpedia.org/resource/Ichinsky"	"Ичинская Сопка"	"http://dbpedia.org/resource/Category:Volcanic_calderas_of_Russia"
"http://dbpedia.org/resource/Ichinsky"	"Ичинская Сопка"	"http://dbpedia.org/resource/Category:Holocene_Asia"
"http://dbpedia.org/resource/Kambalny"	"Камбальная Сопка"	"http://dbpedia.org/resource/Category:Mountains_of_the_Kamchatka_Peninsula"
"http://dbpedia.org/resource/Kambalny"	"Камбальная Сопка"	"http://dbpedia.org/resource/Category:Stratovolcanoes_of_Russia"
"http://dbpedia.org/resource/Kambalny"	"Камбальная Сопка"	"http://dbpedia.org/resource/Category:Volcanoes_of_the_Kamchatka_Peninsula"
"http://dbpedia.org/resource/Kambalny"	"Камбальная Сопка"	"http://dbpedia.org/resource/Category:Mountains_of_the_Kamchatka_Peninsula"
"http://dbpedia.org/resource/Kambalny"	"Камбальная Сопка"	"http://dbpedia.org/resource/Category:Stratovolcanoes_of_Russia"
"http://dbpedia.org/resource/Kambalny"	"Камбальная Сопка"	"http://dbpedia.org/resource/Category:Volcanoes_of_the_Kamchatka_Peninsula"
"http://dbpedia.org/resource/Kamen_(volcano)"	"Камень (вулкан)"	"http://dbpedia.org/resource/Category:Mountains_of_the_Kamchatka_Peninsula"
"http://dbpedia.org/resource/Kamen_(volcano)"	"Камень (вулкан)"	"http://dbpedia.org/resource/Category:Stratovolcanoes_of_Russia"
"http://dbpedia.org/resource/Kamen_(volcano)"	"Камень (вулкан)"	"http://dbpedia.org/resource/Category:Volcanoes_of_the_Kamchatka_Peninsula"
"http://dbpedia.org/resource/Kamen_(volcano)"	"Камень (вулкан)"	"http://dbpedia.org/resource/Category:Mountains_of_the_Kamchatka_Peninsula"
"http://dbpedia.org/resource/Kamen_(volcano)"	"Камень (вулкан)"	"http://dbpedia.org/resource/Category:Stratovolcanoes_of_Russia"
"http://dbpedia.org/resource/Kamen_(volcano)"	"Камень (вулкан)"	"http://dbpedia.org/resource/Category:Volcanoes_of_the_Kamchatka_Peninsula"
"http://dbpedia.org/resource/Karymsky_(volcano)"	"Карымская Сопка"	"http://dbpedia.org/resource/Category:Active_volcanoes"
"http://dbpedia.org/resource/Karymsky_(volcano)"	"Карымская Сопка"	"http://dbpedia.org/resource/Category:Holocene_volcanoes"
"http://dbpedia.org/resource/Karymsky_(volcano)"	"Карымская Сопка"	"http://dbpedia.org/resource/Category:VEI-6_volcanoes"
"http://dbpedia.org/resource/Karymsky_(volcano)"	"Карымская Сопка"	"http://dbpedia.org/resource/Category:Mountains_of_the_Kamchatka_Peninsula"
"http://dbpedia.org/resource/Karymsky_(volcano)"	"Карымская Сопка"	"http://dbpedia.org/resource/Category:Stratovolcanoes_of_Russia"
"http://dbpedia.org/resource/Karymsky_(volcano)"	"Карымская Сопка"	"http://dbpedia.org/resource/Category:Volcanoes_of_the_Kamchatka_Peninsula"
"http://dbpedia.org/resource/Karymsky_(volcano)"	"Карымская Сопка"	"http://dbpedia.org/resource/Category:Volcanic_calderas_of_Russia"
"http://dbpedia.org/resource/Karymsky_(volcano)"	"Карымская Сопка"	"http://dbpedia.org/resource/Category:Holocene_Asia"
"http://dbpedia.org/resource/Karymsky_(volcano)"	"Карымская Сопка"	"http://dbpedia.org/resource/Category:Active_volcanoes"
"http://dbpedia.org/resource/Karymsky_(volcano)"	"Карымская Сопка"	"http://dbpedia.org/resource/Category:Holocene_volcanoes"
"http://dbpedia.org/resource/Karymsky_(volcano)"	"Карымская Сопка"	"http://dbpedia.org/resource/Category:VEI-6_volcanoes"
"http://dbpedia.org/resource/Karymsky_(volcano)"	"Карымская Сопка"	"http://dbpedia.org/resource/Category:Mountains_of_the_Kamchatka_Peninsula"
"http://dbpedia.org/resource/Karymsky_(volcano)"	"Карымская Сопка"	"http://dbpedia.org/resource/Category:Stratovolcanoes_of_Russia"
"http://dbpedia.org/resource/Karymsky_(volcano)"	"Карымская Сопка"	"http://dbpedia.org/resource/Category:Volcanoes_of_the_Kamchatka_Peninsula"
"http://dbpedia.org/resource/Karymsky_(volcano)"	"Карымская Сопка"	"http://dbpedia.org/resource/Category:Volcanic_calderas_of_Russia"
"http://dbpedia.org/resource/Karymsky_(volcano)"	"Карымская Сопка"	"http://dbpedia.org/resource/Category:Holocene_Asia"
"http://dbpedia.org/resource/Kizimen"	"Кизимен"	"http://dbpedia.org/resource/Category:Active_volcanoes"
"http://dbpedia.org/resource/Kizimen"	"Кизимен"	"http://dbpedia.org/resource/Category:Mountains_of_the_Kamchatka_Peninsula"
"http://dbpedia.org/resource/Kizimen"	"Кизимен"	"http://dbpedia.org/resource/Category:Stratovolcanoes_of_Russia"
"http://dbpedia.org/resource/Kizimen"	"Кизимен"	"http://dbpedia.org/resource/Category:Volcanoes_of_the_Kamchatka_Peninsula"
"http://dbpedia.org/resource/Kizimen"	"Кизимен"	"http://dbpedia.org/resource/Category:Active_volcanoes"
"http://dbpedia.org/resource/Kizimen"	"Кизимен"	"http://dbpedia.org/resource/Category:Mountains_of_the_Kamchatka_Peninsula"
"http://dbpedia.org/resource/Kizimen"	"Кизимен"	"http://dbpedia.org/resource/Category:Stratovolcanoes_of_Russia"
"http://dbpedia.org/resource/Kizimen"	"Кизимен"	"http://dbpedia.org/resource/Category:Volcanoes_of_the_Kamchatka_Peninsula"
"http://dbpedia.org/resource/Klyuchevskaya_Sopka"	"Ключевская Сопка"	"http://dbpedia.org/resource/Category:Active_volcanoes"
"http://dbpedia.org/resource/Klyuchevskaya_Sopka"	"Ключевская Сопка"	"http://dbpedia.org/resource/Category:Sacred_mountains"
"http://dbpedia.org/resource/Klyuchevskaya_Sopka"	"Ключевская Сопка"	"http://dbpedia.org/resource/Category:Subduction_volcanoes"
"http://dbpedia.org/resource/Klyuchevskaya_Sopka"	"Ключевская Сопка"	"http://dbpedia.org/resource/Category:21st-century_volcanic_events"
"http://dbpedia.org/resource/Klyuchevskaya_Sopka"	"Ключевская Сопка"	"http://dbpedia.org/resource/Category:Mountains_of_the_Kamchatka_Peninsula"
"http://dbpedia.org/resource/Klyuchevskaya_Sopka"	"Ключевская Сопка"	"http://dbpedia.org/resource/Category:Stratovolcanoes_of_Russia"
"http://dbpedia.org/resource/Klyuchevskaya_Sopka"	"Ключевская Сопка"	"http://dbpedia.org/resource/Category:VEI-4_volcanoes"
"http://dbpedia.org/resource/Klyuchevskaya_Sopka"	"Ключевская Сопка"	"http://dbpedia.org/resource/Category:Volcanoes_of_the_Kamchatka_Peninsula"
"http://dbpedia.org/resource/Klyuchevskaya_Sopka"	"Ключевская Сопка"	"http://dbpedia.org/resource/Category:Active_volcanoes"
"http://dbpedia.org/resource/Klyuchevskaya_Sopka"	"Ключевская Сопка"	"http://dbpedia.org/resource/Category:Sacred_mountains"
"http://dbpedia.org/resource/Klyuchevskaya_Sopka"	"Ключевская Сопка"	"http://dbpedia.org/resource/Category:Subduction_volcanoes"
"http://dbpedia.org/resource/Klyuchevskaya_Sopka"	"Ключевская Сопка"	"http://dbpedia.org/resource/Category:21st-century_volcanic_events"
"http://dbpedia.org/resource/Klyuchevskaya_Sopka"	"Ключевская Сопка"	"http://dbpedia.org/resource/Category:Mountains_of_the_Kamchatka_Peninsula"
"http://dbpedia.org/resource/Klyuchevskaya_Sopka"	"Ключевская Сопка"	"http://dbpedia.org/resource/Category:Stratovolcanoes_of_Russia"
"http://dbpedia.org/resource/Klyuchevskaya_Sopka"	"Ключевская Сопка"	"http://dbpedia.org/resource/Category:VEI-4_volcanoes"
"http://dbpedia.org/resource/Klyuchevskaya_Sopka"	"Ключевская Сопка"	"http://dbpedia.org/resource/Category:Volcanoes_of_the_Kamchatka_Peninsula"
"http://dbpedia.org/resource/Komarov_(volcano)"	"Комаров (вулкан)"	"http://dbpedia.org/resource/Category:Holocene_volcanoes"
"http://dbpedia.org/resource/Komarov_(volcano)"	"Комаров (вулкан)"	"http://dbpedia.org/resource/Category:Mountains_of_the_Kamchatka_Peninsula"
"http://dbpedia.org/resource/Komarov_(volcano)"	"Комаров (вулкан)"	"http://dbpedia.org/resource/Category:Stratovolcanoes_of_Russia"
"http://dbpedia.org/resource/Komarov_(volcano)"	"Комаров (вулкан)"	"http://dbpedia.org/resource/Category:Volcanoes_of_the_Kamchatka_Peninsula"
"http://dbpedia.org/resource/Komarov_(volcano)"	"Комаров (вулкан)"	"http://dbpedia.org/resource/Category:Holocene_Asia"
"http://dbpedia.org/resource/Komarov_(volcano)"	"Комаров (вулкан)"	"http://dbpedia.org/resource/Category:Holocene_volcanoes"
"http://dbpedia.org/resource/Komarov_(volcano)"	"Комаров (вулкан)"	"http://dbpedia.org/resource/Category:Mountains_of_the_Kamchatka_Peninsula"
"http://dbpedia.org/resource/Komarov_(volcano)"	"Комаров (вулкан)"	"http://dbpedia.org/resource/Category:Stratovolcanoes_of_Russia"
"http://dbpedia.org/resource/Komarov_(volcano)"	"Комаров (вулкан)"	"http://dbpedia.org/resource/Category:Volcanoes_of_the_Kamchatka_Peninsula"
"http://dbpedia.org/resource/Komarov_(volcano)"	"Комаров (вулкан)"	"http://dbpedia.org/resource/Category:Holocene_Asia"
"http://dbpedia.org/resource/Koryaksky"	"Корякская Сопка"	"http://dbpedia.org/resource/Category:Decade_Volcanoes"
"http://dbpedia.org/resource/Koryaksky"	"Корякская Сопка"	"http://dbpedia.org/resource/Category:Active_volcanoes"
"http://dbpedia.org/resource/Koryaksky"	"Корякская Сопка"	"http://dbpedia.org/resource/Category:VEI-3_volcanoes"
"http://dbpedia.org/resource/Koryaksky"	"Корякская Сопка"	"http://dbpedia.org/resource/Category:Mountains_of_the_Kamchatka_Peninsula"
"http://dbpedia.org/resource/Koryaksky"	"Корякская Сопка"	"http://dbpedia.org/resource/Category:Stratovolcanoes_of_Russia"
"http://dbpedia.org/resource/Koryaksky"	"Корякская Сопка"	"http://dbpedia.org/resource/Category:Volcanoes_of_the_Kamchatka_Peninsula"
"http://dbpedia.org/resource/Koryaksky"	"Корякская Сопка"	"http://dbpedia.org/resource/Category:Decade_Volcanoes"
"http://dbpedia.org/resource/Koryaksky"	"Корякская Сопка"	"http://dbpedia.org/resource/Category:Active_volcanoes"
"http://dbpedia.org/resource/Koryaksky"	"Корякская Сопка"	"http://dbpedia.org/resource/Category:VEI-3_volcanoes"
"http://dbpedia.org/resource/Koryaksky"	"Корякская Сопка"	"http://dbpedia.org/resource/Category:Mountains_of_the_Kamchatka_Peninsula"
"http://dbpedia.org/resource/Koryaksky"	"Корякская Сопка"	"http://dbpedia.org/resource/Category:Stratovolcanoes_of_Russia"
"http://dbpedia.org/resource/Koryaksky"	"Корякская Сопка"	"http://dbpedia.org/resource/Category:Volcanoes_of_the_Kamchatka_Peninsula"
"http://dbpedia.org/resource/Kronotsky"	"Кроноцкая Сопка"	"http://dbpedia.org/resource/Category:Biosphere_reserves_of_Russia"
"http://dbpedia.org/resource/Kronotsky"	"Кроноцкая Сопка"	"http://dbpedia.org/resource/Category:Mountains_of_the_Kamchatka_Peninsula"
"http://dbpedia.org/resource/Kronotsky"	"Кроноцкая Сопка"	"http://dbpedia.org/resource/Category:Stratovolcanoes_of_Russia"
"http://dbpedia.org/resource/Kronotsky"	"Кроноцкая Сопка"	"http://dbpedia.org/resource/Category:Volcanoes_of_the_Kamchatka_Peninsula"
"http://dbpedia.org/resource/Kronotsky"	"Кроноцкая Сопка"	"http://dbpedia.org/resource/Category:Biosphere_reserves_of_Russia"
"http://dbpedia.org/resource/Kronotsky"	"Кроноцкая Сопка"	"http://dbpedia.org/resource/Category:Mountains_of_the_Kamchatka_Peninsula"
"http://dbpedia.org/resource/Kronotsky"	"Кроноцкая Сопка"	"http://dbpedia.org/resource/Category:Stratovolcanoes_of_Russia"
"http://dbpedia.org/resource/Kronotsky"	"Кроноцкая Сопка"	"http://dbpedia.org/resource/Category:Volcanoes_of_the_Kamchatka_Peninsula"
"http://dbpedia.org/resource/Ksudach"	"Ксудач"	"http://dbpedia.org/resource/Category:20th-century_volcanic_events"
"http://dbpedia.org/resource/Ksudach"	"Ксудач"	"http://dbpedia.org/resource/Category:Crater_lakes"
"http://dbpedia.org/resource/Ksudach"	"Ксудач"	"http://dbpedia.org/resource/Category:VEI-6_volcanoes"
"http://dbpedia.org/resource/Ksudach"	"Ксудач"	"http://dbpedia.org/resource/Category:Mountains_of_the_Kamchatka_Peninsula"
"http://dbpedia.org/resource/Ksudach"	"Ксудач"	"http://dbpedia.org/resource/Category:Stratovolcanoes_of_Russia"
"http://dbpedia.org/resource/Ksudach"	"Ксудач"	"http://dbpedia.org/resource/Category:Volcanoes_of_the_Kamchatka_Peninsula"
"http://dbpedia.org/resource/Ksudach"	"Ксудач"	"http://dbpedia.org/resource/Category:Volcanic_calderas_of_Russia"
"http://dbpedia.org/resource/Ksudach"	"Ксудач"	"http://dbpedia.org/resource/Category:20th-century_volcanic_events"
"http://dbpedia.org/resource/Ksudach"	"Ксудач"	"http://dbpedia.org/resource/Category:Crater_lakes"
"http://dbpedia.org/resource/Ksudach"	"Ксудач"	"http://dbpedia.org/resource/Category:VEI-6_volcanoes"
"http://dbpedia.org/resource/Ksudach"	"Ксудач"	"http://dbpedia.org/resource/Category:Mountains_of_the_Kamchatka_Peninsula"
"http://dbpedia.org/resource/Ksudach"	"Ксудач"	"http://dbpedia.org/resource/Category:Stratovolcanoes_of_Russia"
"http://dbpedia.org/resource/Ksudach"	"Ксудач"	"http://dbpedia.org/resource/Category:Volcanoes_of_the_Kamchatka_Peninsula"
"http://dbpedia.org/resource/Ksudach"	"Ксудач"	"http://dbpedia.org/resource/Category:Volcanic_calderas_of_Russia"
"http://dbpedia.org/resource/Kuntomintar"	"Кунтоминтар"	"http://dbpedia.org/resource/Category:Shiashkotan"
"http://dbpedia.org/resource/Kuntomintar"	"Кунтоминтар"	"http://dbpedia.org/resource/Category:Stratovolcanoes_of_Russia"
"http://dbpedia.org/resource/Kuntomintar"	"Кунтоминтар"	"http://dbpedia.org/resource/Category:Shiashkotan"
"http://dbpedia.org/resource/Kuntomintar"	"Кунтоминтар"	"http://dbpedia.org/resource/Category:Stratovolcanoes_of_Russia"
"http://dbpedia.org/resource/Lvinaya_Past"	"Львиная Пасть"	"http://dbpedia.org/resource/Category:Inactive_volcanoes"
"http://dbpedia.org/resource/Lvinaya_Past"	"Львиная Пасть"	"http://dbpedia.org/resource/Category:Iturup"
"http://dbpedia.org/resource/Lvinaya_Past"	"Львиная Пасть"	"http://dbpedia.org/resource/Category:Volcanoes_of_the_Kuril_Islands"
"http://dbpedia.org/resource/Lvinaya_Past"	"Львиная Пасть"	"http://dbpedia.org/resource/Category:Holocene_volcanoes"
"http://dbpedia.org/resource/Lvinaya_Past"	"Львиная Пасть"	"http://dbpedia.org/resource/Category:Submarine_calderas"
"http://dbpedia.org/resource/Lvinaya_Past"	"Львиная Пасть"	"http://dbpedia.org/resource/Category:VEI-6_volcanoes"
"http://dbpedia.org/resource/Lvinaya_Past"	"Львиная Пасть"	"http://dbpedia.org/resource/Category:Volcanic_calderas_of_Japan"
"http://dbpedia.org/resource/Lvinaya_Past"	"Львиная Пасть"	"http://dbpedia.org/resource/Category:Volcanic_calderas_of_Russia"
"http://dbpedia.org/resource/Lvinaya_Past"	"Львиная Пасть"	"http://dbpedia.org/resource/Category:Inactive_volcanoes"
"http://dbpedia.org/resource/Lvinaya_Past"	"Львиная Пасть"	"http://dbpedia.org/resource/Category:Iturup"
"http://dbpedia.org/resource/Lvinaya_Past"	"Львиная Пасть"	"http://dbpedia.org/resource/Category:Volcanoes_of_the_Kuril_Islands"
"http://dbpedia.org/resource/Lvinaya_Past"	"Львиная Пасть"	"http://dbpedia.org/resource/Category:Holocene_volcanoes"
"http://dbpedia.org/resource/Lvinaya_Past"	"Львиная Пасть"	"http://dbpedia.org/resource/Category:Submarine_calderas"
"http://dbpedia.org/resource/Lvinaya_Past"	"Львиная Пасть"	"http://dbpedia.org/resource/Category:VEI-6_volcanoes"
"http://dbpedia.org/resource/Lvinaya_Past"	"Львиная Пасть"	"http://dbpedia.org/resource/Category:Volcanic_calderas_of_Japan"
"http://dbpedia.org/resource/Lvinaya_Past"	"Львиная Пасть"	"http://dbpedia.org/resource/Category:Volcanic_calderas_of_Russia"
"http://dbpedia.org/resource/Maly_Semyachik"	"Малый Семячик"	"http://dbpedia.org/resource/Category:Crater_lakes"
"http://dbpedia.org/resource/Maly_Semyachik"	"Малый Семячик"	"http://dbpedia.org/resource/Category:Mountains_of_the_Kamchatka_Peninsula"
"http://dbpedia.org/resource/Maly_Semyachik"	"Малый Семячик"	"http://dbpedia.org/resource/Category:Stratovolcanoes_of_Russia"
"http://dbpedia.org/resource/Maly_Semyachik"	"Малый Семячик"	"http://dbpedia.org/resource/Category:Volcanoes_of_the_Kamchatka_Peninsula"
"http://dbpedia.org/resource/Maly_Semyachik"	"Малый Семячик"	"http://dbpedia.org/resource/Category:Volcanic_calderas_of_Russia"
"http://dbpedia.org/resource/Maly_Semyachik"	"Малый Семячик"	"http://dbpedia.org/resource/Category:Crater_lakes"
"http://dbpedia.org/resource/Maly_Semyachik"	"Малый Семячик"	"http://dbpedia.org/resource/Category:Mountains_of_the_Kamchatka_Peninsula"
"http://dbpedia.org/resource/Maly_Semyachik"	"Малый Семячик"	"http://dbpedia.org/resource/Category:Stratovolcanoes_of_Russia"
"http://dbpedia.org/resource/Maly_Semyachik"	"Малый Семячик"	"http://dbpedia.org/resource/Category:Volcanoes_of_the_Kamchatka_Peninsula"
"http://dbpedia.org/resource/Maly_Semyachik"	"Малый Семячик"	"http://dbpedia.org/resource/Category:Volcanic_calderas_of_Russia"
"http://dbpedia.org/resource/Mezhdusopochny"	"Междусопочный"	"http://dbpedia.org/resource/Category:Holocene_volcanoes"
"http://dbpedia.org/resource/Mezhdusopochny"	"Междусопочный"	"http://dbpedia.org/resource/Category:Stratovolcanoes_of_Russia"
"http://dbpedia.org/resource/Mezhdusopochny"	"Междусопочный"	"http://dbpedia.org/resource/Category:Volcanoes_of_the_Kamchatka_Peninsula"
"http://dbpedia.org/resource/Mezhdusopochny"	"Междусопочный"	"http://dbpedia.org/resource/Category:Holocene_Asia"
"http://dbpedia.org/resource/Mezhdusopochny"	"Междусопочный"	"http://dbpedia.org/resource/Category:Holocene_volcanoes"
"http://dbpedia.org/resource/Mezhdusopochny"	"Междусопочный"	"http://dbpedia.org/resource/Category:Stratovolcanoes_of_Russia"
"http://dbpedia.org/resource/Mezhdusopochny"	"Междусопочный"	"http://dbpedia.org/resource/Category:Volcanoes_of_the_Kamchatka_Peninsula"
"http://dbpedia.org/resource/Mezhdusopochny"	"Междусопочный"	"http://dbpedia.org/resource/Category:Holocene_Asia"
"http://dbpedia.org/resource/Nemo_Peak"	"Немо (вулкан)"	"http://dbpedia.org/resource/Category:Onekotan"
"http://dbpedia.org/resource/Nemo_Peak"	"Немо (вулкан)"	"http://dbpedia.org/resource/Category:Mountains_of_the_Kuril_Islands"
"http://dbpedia.org/resource/Nemo_Peak"	"Немо (вулкан)"	"http://dbpedia.org/resource/Category:Volcanoes_of_the_Kuril_Islands"
"http://dbpedia.org/resource/Nemo_Peak"	"Немо (вулкан)"	"http://dbpedia.org/resource/Category:Crater_lakes"
"http://dbpedia.org/resource/Nemo_Peak"	"Немо (вулкан)"	"http://dbpedia.org/resource/Category:Stratovolcanoes_of_Russia"
"http://dbpedia.org/resource/Nemo_Peak"	"Немо (вулкан)"	"http://dbpedia.org/resource/Category:Volcanic_calderas_of_Russia"
"http://dbpedia.org/resource/Nemo_Peak"	"Немо (вулкан)"	"http://dbpedia.org/resource/Category:Onekotan"
"http://dbpedia.org/resource/Nemo_Peak"	"Немо (вулкан)"	"http://dbpedia.org/resource/Category:Mountains_of_the_Kuril_Islands"
"http://dbpedia.org/resource/Nemo_Peak"	"Немо (вулкан)"	"http://dbpedia.org/resource/Category:Volcanoes_of_the_Kuril_Islands"
"http://dbpedia.org/resource/Nemo_Peak"	"Немо (вулкан)"	"http://dbpedia.org/resource/Category:Crater_lakes"
"http://dbpedia.org/resource/Nemo_Peak"	"Немо (вулкан)"	"http://dbpedia.org/resource/Category:Stratovolcanoes_of_Russia"
"http://dbpedia.org/resource/Nemo_Peak"	"Немо (вулкан)"	"http://dbpedia.org/resource/Category:Volcanic_calderas_of_Russia"
"http://dbpedia.org/resource/Opala_volcano"	"Опала (вулкан)"	"http://dbpedia.org/resource/Category:Mountains_of_the_Kamchatka_Peninsula"
"http://dbpedia.org/resource/Opala_volcano"	"Опала (вулкан)"	"http://dbpedia.org/resource/Category:Stratovolcanoes_of_Russia"
"http://dbpedia.org/resource/Opala_volcano"	"Опала (вулкан)"	"http://dbpedia.org/resource/Category:Volcanoes_of_the_Kamchatka_Peninsula"
"http://dbpedia.org/resource/Opala_volcano"	"Опала (вулкан)"	"http://dbpedia.org/resource/Category:Mountains_of_the_Kamchatka_Peninsula"
"http://dbpedia.org/resource/Opala_volcano"	"Опала (вулкан)"	"http://dbpedia.org/resource/Category:Stratovolcanoes_of_Russia"
"http://dbpedia.org/resource/Opala_volcano"	"Опала (вулкан)"	"http://dbpedia.org/resource/Category:Volcanoes_of_the_Kamchatka_Peninsula"
"http://dbpedia.org/resource/Ostry"	"Острая (гора, Камчатский край, у ледника Начикинский)"	"http://dbpedia.org/resource/Category:Mountains_of_the_Kamchatka_Peninsula"
"http://dbpedia.org/resource/Ostry"	"Острая (гора, Камчатский край, у ледника Начикинский)"	"http://dbpedia.org/resource/Category:Stratovolcanoes_of_Russia"
"http://dbpedia.org/resource/Ostry"	"Острая (гора, Камчатский край, у ледника Начикинский)"	"http://dbpedia.org/resource/Category:Volcanoes_of_the_Kamchatka_Peninsula"
"http://dbpedia.org/resource/Ostry"	"Острая (гора, Камчатский край, у ледника Начикинский)"	"http://dbpedia.org/resource/Category:Mountains_of_the_Kamchatka_Peninsula"
"http://dbpedia.org/resource/Ostry"	"Острая (гора, Камчатский край, у ледника Начикинский)"	"http://dbpedia.org/resource/Category:Stratovolcanoes_of_Russia"
"http://dbpedia.org/resource/Ostry"	"Острая (гора, Камчатский край, у ледника Начикинский)"	"http://dbpedia.org/resource/Category:Volcanoes_of_the_Kamchatka_Peninsula"
"http://dbpedia.org/resource/Atlasov_Island"	"Остров Атласова"	"http://dbpedia.org/resource/Category:Uninhabited_islands_of_Russia"
"http://dbpedia.org/resource/Atlasov_Island"	"Остров Атласова"	"http://dbpedia.org/resource/Category:Islands_of_the_Kuril_Islands"
"http://dbpedia.org/resource/Atlasov_Island"	"Остров Атласова"	"http://dbpedia.org/resource/Category:Mountains_of_the_Kuril_Islands"
"http://dbpedia.org/resource/Atlasov_Island"	"Остров Атласова"	"http://dbpedia.org/resource/Category:Volcanoes_of_the_Kuril_Islands"
"http://dbpedia.org/resource/Atlasov_Island"	"Остров Атласова"	"http://dbpedia.org/resource/Category:Active_volcanoes"
"http://dbpedia.org/resource/Atlasov_Island"	"Остров Атласова"	"http://dbpedia.org/resource/Category:Uninhabited_islands_of_the_Pacific_Ocean"
"http://dbpedia.org/resource/Atlasov_Island"	"Остров Атласова"	"http://dbpedia.org/resource/Category:Islands_of_the_Russian_Far_East"
"http://dbpedia.org/resource/Atlasov_Island"	"Остров Атласова"	"http://dbpedia.org/resource/Category:Islands_of_the_Sea_of_Okhotsk"
"http://dbpedia.org/resource/Atlasov_Island"	"Остров Атласова"	"http://dbpedia.org/resource/Category:Stratovolcanoes_of_Russia"
"http://dbpedia.org/resource/Atlasov_Island"	"Остров Атласова"	"http://dbpedia.org/resource/Category:Uninhabited_islands_of_Russia"
"http://dbpedia.org/resource/Atlasov_Island"	"Остров Атласова"	"http://dbpedia.org/resource/Category:Islands_of_the_Kuril_Islands"
"http://dbpedia.org/resource/Atlasov_Island"	"Остров Атласова"	"http://dbpedia.org/resource/Category:Mountains_of_the_Kuril_Islands"
"http://dbpedia.org/resource/Atlasov_Island"	"Остров Атласова"	"http://dbpedia.org/resource/Category:Volcanoes_of_the_Kuril_Islands"
"http://dbpedia.org/resource/Atlasov_Island"	"Остров Атласова"	"http://dbpedia.org/resource/Category:Active_volcanoes"
"http://dbpedia.org/resource/Atlasov_Island"	"Остров Атласова"	"http://dbpedia.org/resource/Category:Uninhabited_islands_of_the_Pacific_Ocean"
"http://dbpedia.org/resource/Atlasov_Island"	"Остров Атласова"	"http://dbpedia.org/resource/Category:Islands_of_the_Russian_Far_East"
"http://dbpedia.org/resource/Atlasov_Island"	"Остров Атласова"	"http://dbpedia.org/resource/Category:Islands_of_the_Sea_of_Okhotsk"
"http://dbpedia.org/resource/Atlasov_Island"	"Остров Атласова"	"http://dbpedia.org/resource/Category:Stratovolcanoes_of_Russia"
"http://dbpedia.org/resource/Prevo_Peak"	"Прево (вулкан)"	"http://dbpedia.org/resource/Category:Simushir"
"http://dbpedia.org/resource/Prevo_Peak"	"Прево (вулкан)"	"http://dbpedia.org/resource/Category:Stratovolcanoes_of_Russia"
"http://dbpedia.org/resource/Prevo_Peak"	"Прево (вулкан)"	"http://dbpedia.org/resource/Category:Simushir"
"http://dbpedia.org/resource/Prevo_Peak"	"Прево (вулкан)"	"http://dbpedia.org/resource/Category:Stratovolcanoes_of_Russia"
"http://dbpedia.org/resource/Romanovka_stratovolcano"	"Романовка (вулкан)"	"http://dbpedia.org/resource/Category:Holocene_volcanoes"
"http://dbpedia.org/resource/Romanovka_stratovolcano"	"Романовка (вулкан)"	"http://dbpedia.org/resource/Category:Mountains_of_the_Kamchatka_Peninsula"
"http://dbpedia.org/resource/Romanovka_stratovolcano"	"Романовка (вулкан)"	"http://dbpedia.org/resource/Category:Stratovolcanoes_of_Russia"
"http://dbpedia.org/resource/Romanovka_stratovolcano"	"Романовка (вулкан)"	"http://dbpedia.org/resource/Category:Volcanoes_of_the_Kamchatka_Peninsula"
"http://dbpedia.org/resource/Romanovka_stratovolcano"	"Романовка (вулкан)"	"http://dbpedia.org/resource/Category:Holocene_Asia"
"http://dbpedia.org/resource/Romanovka_stratovolcano"	"Романовка (вулкан)"	"http://dbpedia.org/resource/Category:Holocene_volcanoes"
"http://dbpedia.org/resource/Romanovka_stratovolcano"	"Романовка (вулкан)"	"http://dbpedia.org/resource/Category:Mountains_of_the_Kamchatka_Peninsula"
"http://dbpedia.org/resource/Romanovka_stratovolcano"	"Романовка (вулкан)"	"http://dbpedia.org/resource/Category:Stratovolcanoes_of_Russia"
"http://dbpedia.org/resource/Romanovka_stratovolcano"	"Романовка (вулкан)"	"http://dbpedia.org/resource/Category:Volcanoes_of_the_Kamchatka_Peninsula"
"http://dbpedia.org/resource/Romanovka_stratovolcano"	"Романовка (вулкан)"	"http://dbpedia.org/resource/Category:Holocene_Asia"
"http://dbpedia.org/resource/Sinarka"	"Синарка"	"http://dbpedia.org/resource/Category:Shiashkotan"
"http://dbpedia.org/resource/Sinarka"	"Синарка"	"http://dbpedia.org/resource/Category:Stratovolcanoes_of_Russia"
"http://dbpedia.org/resource/Sinarka"	"Синарка"	"http://dbpedia.org/resource/Category:Shiashkotan"
"http://dbpedia.org/resource/Sinarka"	"Синарка"	"http://dbpedia.org/resource/Category:Stratovolcanoes_of_Russia"
"http://dbpedia.org/resource/Tao-Rusyr_Caldera"	"Тао-Русыр"	"http://dbpedia.org/resource/Category:Onekotan"
"http://dbpedia.org/resource/Tao-Rusyr_Caldera"	"Тао-Русыр"	"http://dbpedia.org/resource/Category:Mountains_of_the_Kuril_Islands"
"http://dbpedia.org/resource/Tao-Rusyr_Caldera"	"Тао-Русыр"	"http://dbpedia.org/resource/Category:Volcanoes_of_the_Kuril_Islands"
"http://dbpedia.org/resource/Tao-Rusyr_Caldera"	"Тао-Русыр"	"http://dbpedia.org/resource/Category:Active_volcanoes"
"http://dbpedia.org/resource/Tao-Rusyr_Caldera"	"Тао-Русыр"	"http://dbpedia.org/resource/Category:Crater_lakes"
"http://dbpedia.org/resource/Tao-Rusyr_Caldera"	"Тао-Русыр"	"http://dbpedia.org/resource/Category:VEI-6_volcanoes"
"http://dbpedia.org/resource/Tao-Rusyr_Caldera"	"Тао-Русыр"	"http://dbpedia.org/resource/Category:Stratovolcanoes_of_Russia"
"http://dbpedia.org/resource/Tao-Rusyr_Caldera"	"Тао-Русыр"	"http://dbpedia.org/resource/Category:Volcanic_calderas_of_Russia"
"http://dbpedia.org/resource/Tao-Rusyr_Caldera"	"Тао-Русыр"	"http://dbpedia.org/resource/Category:Onekotan"
"http://dbpedia.org/resource/Tao-Rusyr_Caldera"	"Тао-Русыр"	"http://dbpedia.org/resource/Category:Mountains_of_the_Kuril_Islands"
"http://dbpedia.org/resource/Tao-Rusyr_Caldera"	"Тао-Русыр"	"http://dbpedia.org/resource/Category:Volcanoes_of_the_Kuril_Islands"
"http://dbpedia.org/resource/Tao-Rusyr_Caldera"	"Тао-Русыр"	"http://dbpedia.org/resource/Category:Active_volcanoes"
"http://dbpedia.org/resource/Tao-Rusyr_Caldera"	"Тао-Русыр"	"http://dbpedia.org/resource/Category:Crater_lakes"
"http://dbpedia.org/resource/Tao-Rusyr_Caldera"	"Тао-Русыр"	"http://dbpedia.org/resource/Category:VEI-6_volcanoes"
"http://dbpedia.org/resource/Tao-Rusyr_Caldera"	"Тао-Русыр"	"http://dbpedia.org/resource/Category:Stratovolcanoes_of_Russia"
"http://dbpedia.org/resource/Tao-Rusyr_Caldera"	"Тао-Русыр"	"http://dbpedia.org/resource/Category:Volcanic_calderas_of_Russia"
"http://dbpedia.org/resource/Taunshits"	"Тауншиц"	"http://dbpedia.org/resource/Category:Holocene_volcanoes"
"http://dbpedia.org/resource/Taunshits"	"Тауншиц"	"http://dbpedia.org/resource/Category:Mountains_of_the_Kamchatka_Peninsula"
"http://dbpedia.org/resource/Taunshits"	"Тауншиц"	"http://dbpedia.org/resource/Category:Stratovolcanoes_of_Russia"
"http://dbpedia.org/resource/Taunshits"	"Тауншиц"	"http://dbpedia.org/resource/Category:Volcanoes_of_the_Kamchatka_Peninsula"
"http://dbpedia.org/resource/Taunshits"	"Тауншиц"	"http://dbpedia.org/resource/Category:Holocene_Asia"
"http://dbpedia.org/resource/Taunshits"	"Тауншиц"	"http://dbpedia.org/resource/Category:Holocene_volcanoes"
"http://dbpedia.org/resource/Taunshits"	"Тауншиц"	"http://dbpedia.org/resource/Category:Mountains_of_the_Kamchatka_Peninsula"
"http://dbpedia.org/resource/Taunshits"	"Тауншиц"	"http://dbpedia.org/resource/Category:Stratovolcanoes_of_Russia"
"http://dbpedia.org/resource/Taunshits"	"Тауншиц"	"http://dbpedia.org/resource/Category:Volcanoes_of_the_Kamchatka_Peninsula"
"http://dbpedia.org/resource/Taunshits"	"Тауншиц"	"http://dbpedia.org/resource/Category:Holocene_Asia"
"http://dbpedia.org/resource/Tolbachik"	"Толбачик"	"http://dbpedia.org/resource/Category:Active_volcanoes"
"http://dbpedia.org/resource/Tolbachik"	"Толбачик"	"http://dbpedia.org/resource/Category:Complex_volcanoes"
"http://dbpedia.org/resource/Tolbachik"	"Толбачик"	"http://dbpedia.org/resource/Category:Holocene_volcanoes"
"http://dbpedia.org/resource/Tolbachik"	"Толбачик"	"http://dbpedia.org/resource/Category:Shield_volcanoes"
"http://dbpedia.org/resource/Tolbachik"	"Толбачик"	"http://dbpedia.org/resource/Category:Mountains_of_the_Kamchatka_Peninsula"
"http://dbpedia.org/resource/Tolbachik"	"Толбачик"	"http://dbpedia.org/resource/Category:Stratovolcanoes_of_Russia"
"http://dbpedia.org/resource/Tolbachik"	"Толбачик"	"http://dbpedia.org/resource/Category:Volcanoes_of_the_Kamchatka_Peninsula"
"http://dbpedia.org/resource/Tolbachik"	"Толбачик"	"http://dbpedia.org/resource/Category:Holocene_Asia"
"http://dbpedia.org/resource/Tolbachik"	"Толбачик"	"http://dbpedia.org/resource/Category:Active_volcanoes"
"http://dbpedia.org/resource/Tolbachik"	"Толбачик"	"http://dbpedia.org/resource/Category:Complex_volcanoes"
"http://dbpedia.org/resource/Tolbachik"	"Толбачик"	"http://dbpedia.org/resource/Category:Holocene_volcanoes"
"http://dbpedia.org/resource/Tolbachik"	"Толбачик"	"http://dbpedia.org/resource/Category:Shield_volcanoes"
"http://dbpedia.org/resource/Tolbachik"	"Толбачик"	"http://dbpedia.org/resource/Category:Mountains_of_the_Kamchatka_Peninsula"
"http://dbpedia.org/resource/Tolbachik"	"Толбачик"	"http://dbpedia.org/resource/Category:Stratovolcanoes_of_Russia"
"http://dbpedia.org/resource/Tolbachik"	"Толбачик"	"http://dbpedia.org/resource/Category:Volcanoes_of_the_Kamchatka_Peninsula"
"http://dbpedia.org/resource/Tolbachik"	"Толбачик"	"http://dbpedia.org/resource/Category:Holocene_Asia"
"http://dbpedia.org/resource/Tri_Sestry"	"Три Сестры (вулкан, Россия)"	"http://dbpedia.org/resource/Category:Urup"
"http://dbpedia.org/resource/Tri_Sestry"	"Три Сестры (вулкан, Россия)"	"http://dbpedia.org/resource/Category:Mountains_of_the_Kuril_Islands"
"http://dbpedia.org/resource/Tri_Sestry"	"Три Сестры (вулкан, Россия)"	"http://dbpedia.org/resource/Category:Volcanoes_of_the_Kuril_Islands"
"http://dbpedia.org/resource/Tri_Sestry"	"Три Сестры (вулкан, Россия)"	"http://dbpedia.org/resource/Category:Holocene_volcanoes"
"http://dbpedia.org/resource/Tri_Sestry"	"Три Сестры (вулкан, Россия)"	"http://dbpedia.org/resource/Category:Stratovolcanoes_of_Russia"
"http://dbpedia.org/resource/Tri_Sestry"	"Три Сестры (вулкан, Россия)"	"http://dbpedia.org/resource/Category:Holocene_Asia"
"http://dbpedia.org/resource/Tri_Sestry"	"Три Сестры (вулкан, Россия)"	"http://dbpedia.org/resource/Category:Urup"
"http://dbpedia.org/resource/Tri_Sestry"	"Три Сестры (вулкан, Россия)"	"http://dbpedia.org/resource/Category:Mountains_of_the_Kuril_Islands"
"http://dbpedia.org/resource/Tri_Sestry"	"Три Сестры (вулкан, Россия)"	"http://dbpedia.org/resource/Category:Volcanoes_of_the_Kuril_Islands"
"http://dbpedia.org/resource/Tri_Sestry"	"Три Сестры (вулкан, Россия)"	"http://dbpedia.org/resource/Category:Holocene_volcanoes"
"http://dbpedia.org/resource/Tri_Sestry"	"Три Сестры (вулкан, Россия)"	"http://dbpedia.org/resource/Category:Stratovolcanoes_of_Russia"
"http://dbpedia.org/resource/Tri_Sestry"	"Три Сестры (вулкан, Россия)"	"http://dbpedia.org/resource/Category:Holocene_Asia"
"http://dbpedia.org/resource/Tyatya"	"Тятя"	"http://dbpedia.org/resource/Category:Kunashir_Island"
"http://dbpedia.org/resource/Tyatya"	"Тятя"	"http://dbpedia.org/resource/Category:Active_volcanoes"
"http://dbpedia.org/resource/Tyatya"	"Тятя"	"http://dbpedia.org/resource/Category:Stratovolcanoes_of_Russia"
"http://dbpedia.org/resource/Tyatya"	"Тятя"	"http://dbpedia.org/resource/Category:Kunashir_Island"
"http://dbpedia.org/resource/Tyatya"	"Тятя"	"http://dbpedia.org/resource/Category:Active_volcanoes"
"http://dbpedia.org/resource/Tyatya"	"Тятя"	"http://dbpedia.org/resource/Category:Stratovolcanoes_of_Russia"
"http://dbpedia.org/resource/Khangar"	"Хангар (вулкан)"	"http://dbpedia.org/resource/Category:Crater_lakes"
"http://dbpedia.org/resource/Khangar"	"Хангар (вулкан)"	"http://dbpedia.org/resource/Category:VEI-6_volcanoes"
"http://dbpedia.org/resource/Khangar"	"Хангар (вулкан)"	"http://dbpedia.org/resource/Category:Mountains_of_the_Kamchatka_Peninsula"
"http://dbpedia.org/resource/Khangar"	"Хангар (вулкан)"	"http://dbpedia.org/resource/Category:Stratovolcanoes_of_Russia"
"http://dbpedia.org/resource/Khangar"	"Хангар (вулкан)"	"http://dbpedia.org/resource/Category:Volcanoes_of_the_Kamchatka_Peninsula"
"http://dbpedia.org/resource/Khangar"	"Хангар (вулкан)"	"http://dbpedia.org/resource/Category:Volcanic_calderas_of_Russia"
"http://dbpedia.org/resource/Khangar"	"Хангар (вулкан)"	"http://dbpedia.org/resource/Category:Crater_lakes"
"http://dbpedia.org/resource/Khangar"	"Хангар (вулкан)"	"http://dbpedia.org/resource/Category:VEI-6_volcanoes"
"http://dbpedia.org/resource/Khangar"	"Хангар (вулкан)"	"http://dbpedia.org/resource/Category:Mountains_of_the_Kamchatka_Peninsula"
"http://dbpedia.org/resource/Khangar"	"Хангар (вулкан)"	"http://dbpedia.org/resource/Category:Stratovolcanoes_of_Russia"
"http://dbpedia.org/resource/Khangar"	"Хангар (вулкан)"	"http://dbpedia.org/resource/Category:Volcanoes_of_the_Kamchatka_Peninsula"
"http://dbpedia.org/resource/Khangar"	"Хангар (вулкан)"	"http://dbpedia.org/resource/Category:Volcanic_calderas_of_Russia"
"http://dbpedia.org/resource/Khodutka"	"Ходутка"	"http://dbpedia.org/resource/Category:Mountains_of_the_Kamchatka_Peninsula"
"http://dbpedia.org/resource/Khodutka"	"Ходутка"	"http://dbpedia.org/resource/Category:Stratovolcanoes_of_Russia"
"http://dbpedia.org/resource/Khodutka"	"Ходутка"	"http://dbpedia.org/resource/Category:Volcanoes_of_the_Kamchatka_Peninsula"
"http://dbpedia.org/resource/Khodutka"	"Ходутка"	"http://dbpedia.org/resource/Category:Mountains_of_the_Kamchatka_Peninsula"
"http://dbpedia.org/resource/Khodutka"	"Ходутка"	"http://dbpedia.org/resource/Category:Stratovolcanoes_of_Russia"
"http://dbpedia.org/resource/Khodutka"	"Ходутка"	"http://dbpedia.org/resource/Category:Volcanoes_of_the_Kamchatka_Peninsula"
"http://dbpedia.org/resource/Khuvkhoitun"	"Хувхойтун"	"http://dbpedia.org/resource/Category:Mountains_of_the_Kamchatka_Peninsula"
"http://dbpedia.org/resource/Khuvkhoitun"	"Хувхойтун"	"http://dbpedia.org/resource/Category:Stratovolcanoes_of_Russia"
"http://dbpedia.org/resource/Khuvkhoitun"	"Хувхойтун"	"http://dbpedia.org/resource/Category:Volcanoes_of_the_Kamchatka_Peninsula"
"http://dbpedia.org/resource/Khuvkhoitun"	"Хувхойтун"	"http://dbpedia.org/resource/Category:Mountains_of_the_Kamchatka_Peninsula"
"http://dbpedia.org/resource/Khuvkhoitun"	"Хувхойтун"	"http://dbpedia.org/resource/Category:Stratovolcanoes_of_Russia"
"http://dbpedia.org/resource/Khuvkhoitun"	"Хувхойтун"	"http://dbpedia.org/resource/Category:Volcanoes_of_the_Kamchatka_Peninsula"
"http://dbpedia.org/resource/Chikurachki"	"Чикурачки"	"http://dbpedia.org/resource/Category:Paramushir"
"http://dbpedia.org/resource/Chikurachki"	"Чикурачки"	"http://dbpedia.org/resource/Category:Active_volcanoes"
"http://dbpedia.org/resource/Chikurachki"	"Чикурачки"	"http://dbpedia.org/resource/Category:Stratovolcanoes_of_Russia"
"http://dbpedia.org/resource/Chikurachki"	"Чикурачки"	"http://dbpedia.org/resource/Category:Paramushir"
"http://dbpedia.org/resource/Chikurachki"	"Чикурачки"	"http://dbpedia.org/resource/Category:Active_volcanoes"
"http://dbpedia.org/resource/Chikurachki"	"Чикурачки"	"http://dbpedia.org/resource/Category:Stratovolcanoes_of_Russia"
"http://dbpedia.org/resource/Chirip"	"Чирип (вулкан)"	"http://dbpedia.org/resource/Category:Iturup"
"http://dbpedia.org/resource/Chirip"	"Чирип (вулкан)"	"http://dbpedia.org/resource/Category:Mountains_of_the_Kuril_Islands"
"http://dbpedia.org/resource/Chirip"	"Чирип (вулкан)"	"http://dbpedia.org/resource/Category:Volcanoes_of_the_Kuril_Islands"
"http://dbpedia.org/resource/Chirip"	"Чирип (вулкан)"	"http://dbpedia.org/resource/Category:Stratovolcanoes_of_Russia"
"http://dbpedia.org/resource/Chirip"	"Чирип (вулкан)"	"http://dbpedia.org/resource/Category:Iturup"
"http://dbpedia.org/resource/Chirip"	"Чирип (вулкан)"	"http://dbpedia.org/resource/Category:Mountains_of_the_Kuril_Islands"
"http://dbpedia.org/resource/Chirip"	"Чирип (вулкан)"	"http://dbpedia.org/resource/Category:Volcanoes_of_the_Kuril_Islands"
"http://dbpedia.org/resource/Chirip"	"Чирип (вулкан)"	"http://dbpedia.org/resource/Category:Stratovolcanoes_of_Russia"
"http://dbpedia.org/resource/Chorny_Volcano"	"Чёрный (вулкан)"	"http://dbpedia.org/resource/Category:Holocene_volcanoes"
"http://dbpedia.org/resource/Chorny_Volcano"	"Чёрный (вулкан)"	"http://dbpedia.org/resource/Category:Mountains_of_the_Kamchatka_Peninsula"
"http://dbpedia.org/resource/Chorny_Volcano"	"Чёрный (вулкан)"	"http://dbpedia.org/resource/Category:Stratovolcanoes_of_Russia"
"http://dbpedia.org/resource/Chorny_Volcano"	"Чёрный (вулкан)"	"http://dbpedia.org/resource/Category:Volcanoes_of_the_Kamchatka_Peninsula"
"http://dbpedia.org/resource/Chorny_Volcano"	"Чёрный (вулкан)"	"http://dbpedia.org/resource/Category:Holocene_Asia"
"http://dbpedia.org/resource/Chorny_Volcano"	"Чёрный (вулкан)"	"http://dbpedia.org/resource/Category:Holocene_volcanoes"
"http://dbpedia.org/resource/Chorny_Volcano"	"Чёрный (вулкан)"	"http://dbpedia.org/resource/Category:Mountains_of_the_Kamchatka_Peninsula"
"http://dbpedia.org/resource/Chorny_Volcano"	"Чёрный (вулкан)"	"http://dbpedia.org/resource/Category:Stratovolcanoes_of_Russia"
"http://dbpedia.org/resource/Chorny_Volcano"	"Чёрный (вулкан)"	"http://dbpedia.org/resource/Category:Volcanoes_of_the_Kamchatka_Peninsula"
"http://dbpedia.org/resource/Chorny_Volcano"	"Чёрный (вулкан)"	"http://dbpedia.org/resource/Category:Holocene_Asia"
"http://dbpedia.org/resource/Shiveluch"	"Шивелуч"	"http://dbpedia.org/resource/Category:19th-century_volcanic_events"
"http://dbpedia.org/resource/Shiveluch"	"Шивелуч"	"http://dbpedia.org/resource/Category:20th-century_volcanic_events"
"http://dbpedia.org/resource/Shiveluch"	"Шивелуч"	"http://dbpedia.org/resource/Category:Active_volcanoes"
"http://dbpedia.org/resource/Shiveluch"	"Шивелуч"	"http://dbpedia.org/resource/Category:VEI-5_volcanoes"
"http://dbpedia.org/resource/Shiveluch"	"Шивелуч"	"http://dbpedia.org/resource/Category:Mountains_of_the_Kamchatka_Peninsula"
"http://dbpedia.org/resource/Shiveluch"	"Шивелуч"	"http://dbpedia.org/resource/Category:Stratovolcanoes_of_Russia"
"http://dbpedia.org/resource/Shiveluch"	"Шивелуч"	"http://dbpedia.org/resource/Category:Volcanoes_of_the_Kamchatka_Peninsula"
"http://dbpedia.org/resource/Shiveluch"	"Шивелуч"	"http://dbpedia.org/resource/Category:Volcanic_calderas_of_Russia"
"http://dbpedia.org/resource/Shiveluch"	"Шивелуч"	"http://dbpedia.org/resource/Category:19th-century_volcanic_events"
"http://dbpedia.org/resource/Shiveluch"	"Шивелуч"	"http://dbpedia.org/resource/Category:20th-century_volcanic_events"
"http://dbpedia.org/resource/Shiveluch"	"Шивелуч"	"http://dbpedia.org/resource/Category:Active_volcanoes"
"http://dbpedia.org/resource/Shiveluch"	"Шивелуч"	"http://dbpedia.org/resource/Category:VEI-5_volcanoes"
"http://dbpedia.org/resource/Shiveluch"	"Шивелуч"	"http://dbpedia.org/resource/Category:Mountains_of_the_Kamchatka_Peninsula"
"http://dbpedia.org/resource/Shiveluch"	"Шивелуч"	"http://dbpedia.org/resource/Category:Stratovolcanoes_of_Russia"
"http://dbpedia.org/resource/Shiveluch"	"Шивелуч"	"http://dbpedia.org/resource/Category:Volcanoes_of_the_Kamchatka_Peninsula"
"http://dbpedia.org/resource/Shiveluch"	"Шивелуч"	"http://dbpedia.org/resource/Category:Volcanic_calderas_of_Russia"
