"http://dbpedia.org/resource/Lake_Yonozero"	"Ёнозеро"	"http://dbpedia.org/resource/Category:Lakes_of_Murmansk_Oblast"
"http://dbpedia.org/resource/Lake_Yonozero"	"Ёнозеро"	"http://dbpedia.org/resource/Category:Varzina_basin"
"http://dbpedia.org/resource/Lake_Abrau"	"Абрау (озеро)"	"http://dbpedia.org/resource/Category:Lakes_of_the_Caucasus"
"http://dbpedia.org/resource/Lake_Abrau"	"Абрау (озеро)"	"http://dbpedia.org/resource/Category:Mountain_lakes"
"http://dbpedia.org/resource/Lake_Abrau"	"Абрау (озеро)"	"http://dbpedia.org/resource/Category:Lakes_of_Krasnodar_Krai"
"http://dbpedia.org/resource/Lake_Aike"	"Айке (озеро)"	"http://dbpedia.org/resource/Category:International_lakes_of_Europe"
"http://dbpedia.org/resource/Lake_Aike"	"Айке (озеро)"	"http://dbpedia.org/resource/Category:Kazakhstan–Russia_border"
"http://dbpedia.org/resource/Lake_Aike"	"Айке (озеро)"	"http://dbpedia.org/resource/Category:Lakes_of_Kazakhstan"
"http://dbpedia.org/resource/Lake_Aike"	"Айке (озеро)"	"http://dbpedia.org/resource/Category:Lakes_of_Russia"
"http://dbpedia.org/resource/Lake_Aike"	"Айке (озеро)"	"http://dbpedia.org/resource/Category:International_lakes_of_Asia"
"http://dbpedia.org/resource/Lake_Aike"	"Айке (озеро)"	"http://dbpedia.org/resource/Category:Lakes_of_Orenburg_Oblast"
"http://dbpedia.org/resource/Airag_Lake"	"Айраг-Нуур"	"http://dbpedia.org/resource/Category:Lakes_of_Mongolia"
"http://dbpedia.org/resource/Airag_Lake"	"Айраг-Нуур"	"http://dbpedia.org/resource/Category:Ramsar_sites_in_Mongolia"
"http://dbpedia.org/resource/Airag_Lake"	"Айраг-Нуур"	"http://dbpedia.org/resource/Category:Lakes_of_Mongolia"
"http://dbpedia.org/resource/Airag_Lake"	"Айраг-Нуур"	"http://dbpedia.org/resource/Category:Ramsar_sites_in_Mongolia"
"http://dbpedia.org/resource/Argazi_Reservoir"	"Аргазинское водохранилище"	"http://dbpedia.org/resource/Category:Reservoirs_in_Russia"
"http://dbpedia.org/resource/Argazi_Reservoir"	"Аргазинское водохранилище"	"http://dbpedia.org/resource/Category:Reservoirs_in_Chelyabinsk_Oblast"
"http://dbpedia.org/resource/Argazi_Reservoir"	"Аргазинское водохранилище"	"http://dbpedia.org/resource/Category:Lakes_of_Chelyabinsk_Oblast"
"http://dbpedia.org/resource/Lake_Baikal"	"Байкал"	"http://dbpedia.org/resource/Category:Freshwater_ecoregions"
"http://dbpedia.org/resource/Lake_Baikal"	"Байкал"	"http://dbpedia.org/resource/Category:Lakes_of_Russia"
"http://dbpedia.org/resource/Lake_Baikal"	"Байкал"	"http://dbpedia.org/resource/Category:World_Heritage_Sites_in_Russia"
"http://dbpedia.org/resource/Lake_Baikal"	"Байкал"	"http://dbpedia.org/resource/Category:Articles_containing_video_clips"
"http://dbpedia.org/resource/Lake_Baikal"	"Байкал"	"http://dbpedia.org/resource/Category:Extreme_points_of_Earth"
"http://dbpedia.org/resource/Lake_Baikal"	"Байкал"	"http://dbpedia.org/resource/Category:Rift_lakes"
"http://dbpedia.org/resource/Lake_Baikal"	"Байкал"	"http://dbpedia.org/resource/Category:Biosphere_reserves_of_Russia"
"http://dbpedia.org/resource/Lake_Baikal"	"Байкал"	"http://dbpedia.org/resource/Category:Lake_Baikal"
"http://dbpedia.org/resource/Lake_Baikal"	"Байкал"	"http://dbpedia.org/resource/Category:Lakes_of_Irkutsk_Oblast"
"http://dbpedia.org/resource/Lake_Baikal"	"Байкал"	"http://dbpedia.org/resource/Category:Lakes_of_the_Republic_of_Buryatia"
"http://dbpedia.org/resource/Lake_Baikal"	"Байкал"	"http://dbpedia.org/resource/Category:Landforms_of_Irkutsk_Oblast"
"http://dbpedia.org/resource/Lake_Baikal"	"Байкал"	"http://dbpedia.org/resource/Category:Landforms_of_Siberia"
"http://dbpedia.org/resource/Lake_Baikal"	"Байкал"	"http://dbpedia.org/resource/Category:Natural_history_of_Siberia"
"http://dbpedia.org/resource/Lake_Baikal"	"Байкал"	"http://dbpedia.org/resource/Category:Visitor_attractions_in_Irkutsk_Oblast"
"http://dbpedia.org/resource/Lake_Baikal"	"Байкал"	"http://dbpedia.org/resource/Category:Visitor_attractions_in_the_Republic_of_Buryatia"
"http://dbpedia.org/resource/Lake_Baikal"	"Байкал"	"http://dbpedia.org/resource/Category:Freshwater_ecoregions"
"http://dbpedia.org/resource/Lake_Baikal"	"Байкал"	"http://dbpedia.org/resource/Category:Lakes_of_Russia"
"http://dbpedia.org/resource/Lake_Baikal"	"Байкал"	"http://dbpedia.org/resource/Category:World_Heritage_Sites_in_Russia"
"http://dbpedia.org/resource/Lake_Baikal"	"Байкал"	"http://dbpedia.org/resource/Category:Articles_containing_video_clips"
"http://dbpedia.org/resource/Lake_Baikal"	"Байкал"	"http://dbpedia.org/resource/Category:Extreme_points_of_Earth"
"http://dbpedia.org/resource/Lake_Baikal"	"Байкал"	"http://dbpedia.org/resource/Category:Rift_lakes"
"http://dbpedia.org/resource/Lake_Baikal"	"Байкал"	"http://dbpedia.org/resource/Category:Biosphere_reserves_of_Russia"
"http://dbpedia.org/resource/Lake_Baikal"	"Байкал"	"http://dbpedia.org/resource/Category:Lake_Baikal"
"http://dbpedia.org/resource/Lake_Baikal"	"Байкал"	"http://dbpedia.org/resource/Category:Lakes_of_Irkutsk_Oblast"
"http://dbpedia.org/resource/Lake_Baikal"	"Байкал"	"http://dbpedia.org/resource/Category:Lakes_of_the_Republic_of_Buryatia"
"http://dbpedia.org/resource/Lake_Baikal"	"Байкал"	"http://dbpedia.org/resource/Category:Landforms_of_Irkutsk_Oblast"
"http://dbpedia.org/resource/Lake_Baikal"	"Байкал"	"http://dbpedia.org/resource/Category:Landforms_of_Siberia"
"http://dbpedia.org/resource/Lake_Baikal"	"Байкал"	"http://dbpedia.org/resource/Category:Natural_history_of_Siberia"
"http://dbpedia.org/resource/Lake_Baikal"	"Байкал"	"http://dbpedia.org/resource/Category:Visitor_attractions_in_Irkutsk_Oblast"
"http://dbpedia.org/resource/Lake_Baikal"	"Байкал"	"http://dbpedia.org/resource/Category:Visitor_attractions_in_the_Republic_of_Buryatia"
"http://dbpedia.org/resource/Lake_Baikal"	"Байкал"	"http://dbpedia.org/resource/Category:Freshwater_ecoregions"
"http://dbpedia.org/resource/Lake_Baikal"	"Байкал"	"http://dbpedia.org/resource/Category:Lakes_of_Russia"
"http://dbpedia.org/resource/Lake_Baikal"	"Байкал"	"http://dbpedia.org/resource/Category:World_Heritage_Sites_in_Russia"
"http://dbpedia.org/resource/Lake_Baikal"	"Байкал"	"http://dbpedia.org/resource/Category:Articles_containing_video_clips"
"http://dbpedia.org/resource/Lake_Baikal"	"Байкал"	"http://dbpedia.org/resource/Category:Extreme_points_of_Earth"
"http://dbpedia.org/resource/Lake_Baikal"	"Байкал"	"http://dbpedia.org/resource/Category:Rift_lakes"
"http://dbpedia.org/resource/Lake_Baikal"	"Байкал"	"http://dbpedia.org/resource/Category:Biosphere_reserves_of_Russia"
"http://dbpedia.org/resource/Lake_Baikal"	"Байкал"	"http://dbpedia.org/resource/Category:Lake_Baikal"
"http://dbpedia.org/resource/Lake_Baikal"	"Байкал"	"http://dbpedia.org/resource/Category:Lakes_of_Irkutsk_Oblast"
"http://dbpedia.org/resource/Lake_Baikal"	"Байкал"	"http://dbpedia.org/resource/Category:Lakes_of_the_Republic_of_Buryatia"
"http://dbpedia.org/resource/Lake_Baikal"	"Байкал"	"http://dbpedia.org/resource/Category:Landforms_of_Irkutsk_Oblast"
"http://dbpedia.org/resource/Lake_Baikal"	"Байкал"	"http://dbpedia.org/resource/Category:Landforms_of_Siberia"
"http://dbpedia.org/resource/Lake_Baikal"	"Байкал"	"http://dbpedia.org/resource/Category:Natural_history_of_Siberia"
"http://dbpedia.org/resource/Lake_Baikal"	"Байкал"	"http://dbpedia.org/resource/Category:Visitor_attractions_in_Irkutsk_Oblast"
"http://dbpedia.org/resource/Lake_Baikal"	"Байкал"	"http://dbpedia.org/resource/Category:Visitor_attractions_in_the_Republic_of_Buryatia"
"http://dbpedia.org/resource/Lake_Bannoye"	"Банное (озеро)"	"http://dbpedia.org/resource/Category:Lakes_of_Bashkortostan"
"http://dbpedia.org/resource/Lake_Bannoye"	"Банное (озеро)"	"http://dbpedia.org/resource/Category:Lakes_of_Bashkortostan"
"http://dbpedia.org/resource/Lake_Baskunchak"	"Баскунчак"	"http://dbpedia.org/resource/Category:Lakes_of_Russia"
"http://dbpedia.org/resource/Lake_Baskunchak"	"Баскунчак"	"http://dbpedia.org/resource/Category:Saline_lakes"
"http://dbpedia.org/resource/Lake_Baskunchak"	"Баскунчак"	"http://dbpedia.org/resource/Category:Landforms_of_Astrakhan_Oblast"
"http://dbpedia.org/resource/Lake_Baskunchak"	"Баскунчак"	"http://dbpedia.org/resource/Category:Lakes_of_Astrakhan_Oblast"
"http://dbpedia.org/resource/Lake_Baskunchak"	"Баскунчак"	"http://dbpedia.org/resource/Category:Endorheic_lakes_of_Europe"
"http://dbpedia.org/resource/Lake_Baskunchak"	"Баскунчак"	"http://dbpedia.org/resource/Category:Lakes_of_Russia"
"http://dbpedia.org/resource/Lake_Baskunchak"	"Баскунчак"	"http://dbpedia.org/resource/Category:Saline_lakes"
"http://dbpedia.org/resource/Lake_Baskunchak"	"Баскунчак"	"http://dbpedia.org/resource/Category:Landforms_of_Astrakhan_Oblast"
"http://dbpedia.org/resource/Lake_Baskunchak"	"Баскунчак"	"http://dbpedia.org/resource/Category:Lakes_of_Astrakhan_Oblast"
"http://dbpedia.org/resource/Lake_Baskunchak"	"Баскунчак"	"http://dbpedia.org/resource/Category:Endorheic_lakes_of_Europe"
"http://dbpedia.org/resource/Lake_Beloye_(Vologda_Oblast)"	"Белое озеро (Вологодская область)"	"http://dbpedia.org/resource/Category:Volga_basin"
"http://dbpedia.org/resource/Lake_Beloye_(Vologda_Oblast)"	"Белое озеро (Вологодская область)"	"http://dbpedia.org/resource/Category:Lakes_of_Vologda_Oblast"
"http://dbpedia.org/resource/Lake_Beloye_(Nizhny_Novgorod_Oblast)"	"Белое озеро (Нижегородская область)"	"http://dbpedia.org/resource/Category:Lakes_of_Russia"
"http://dbpedia.org/resource/Lake_Beloye_(Nizhny_Novgorod_Oblast)"	"Белое озеро (Нижегородская область)"	"http://dbpedia.org/resource/Category:Shrunken_lakes"
"http://dbpedia.org/resource/Lake_Beloye_(Nizhny_Novgorod_Oblast)"	"Белое озеро (Нижегородская область)"	"http://dbpedia.org/resource/Category:Lakes_of_Nizhny_Novgorod_Oblast"
"http://dbpedia.org/resource/Lake_Beloye_(Nizhny_Novgorod_Oblast)"	"Белое озеро (Нижегородская область)"	"http://dbpedia.org/resource/Category:Landforms_of_Nizhny_Novgorod_Oblast"
"http://dbpedia.org/resource/Lake_Beloye,_Ryazan_Oblast"	"Белое озеро (Рязанская область, северное)"	"http://dbpedia.org/resource/Category:Lakes_of_Ryazan_Oblast"
"http://dbpedia.org/resource/Lake_Beloye,_Ryazan_Oblast"	"Белое озеро (Рязанская область, северное)"	"http://dbpedia.org/resource/Category:Lakes_of_Ryazan_Oblast"
"http://dbpedia.org/resource/Lake_Bolon"	"Болонь"	"http://dbpedia.org/resource/Category:Lakes_of_Khabarovsk_Krai"
"http://dbpedia.org/resource/Lake_Bolon"	"Болонь"	"http://dbpedia.org/resource/Category:Ramsar_sites_in_Russia"
"http://dbpedia.org/resource/Lake_Bolon"	"Болонь"	"http://dbpedia.org/resource/Category:Lakes_of_Khabarovsk_Krai"
"http://dbpedia.org/resource/Lake_Bolon"	"Болонь"	"http://dbpedia.org/resource/Category:Ramsar_sites_in_Russia"
"http://dbpedia.org/resource/Lake_Bolshoye_Toko"	"Большое Токо"	"http://dbpedia.org/resource/Category:Lakes_of_the_Sakha_Republic"
"http://dbpedia.org/resource/Bratsk_Reservoir"	"Братское водохранилище"	"http://dbpedia.org/resource/Category:Reservoirs_built_in_the_Soviet_Union"
"http://dbpedia.org/resource/Bratsk_Reservoir"	"Братское водохранилище"	"http://dbpedia.org/resource/Category:Landforms_of_Irkutsk_Oblast"
"http://dbpedia.org/resource/Bratsk_Reservoir"	"Братское водохранилище"	"http://dbpedia.org/resource/Category:Reservoirs_in_Russia"
"http://dbpedia.org/resource/Bratsk_Reservoir"	"Братское водохранилище"	"http://dbpedia.org/resource/Category:Reservoirs_in_Irkutsk_Oblast"
"http://dbpedia.org/resource/Lake_Brosno"	"Бросно"	"http://dbpedia.org/resource/Category:Lakes_of_Tver_Oblast"
"http://dbpedia.org/resource/Lake_Bustakh"	"Бустах"	"http://dbpedia.org/resource/Category:Lakes_of_the_Sakha_Republic"
"http://dbpedia.org/resource/Lake_Valdayskoye"	"Валдайское озеро"	"http://dbpedia.org/resource/Category:Visitor_attractions_in_Novgorod_Oblast"
"http://dbpedia.org/resource/Lake_Valdayskoye"	"Валдайское озеро"	"http://dbpedia.org/resource/Category:Lakes_of_Novgorod_Oblast"
"http://dbpedia.org/resource/Lake_Varsh"	"Варш (озеро)"	"http://dbpedia.org/resource/Category:Landforms_of_Nenets_Autonomous_Okrug"
"http://dbpedia.org/resource/Lake_Varsh"	"Варш (озеро)"	"http://dbpedia.org/resource/Category:Lakes_of_Arkhangelsk_Oblast"
"http://dbpedia.org/resource/Lake_Varsh"	"Варш (озеро)"	"http://dbpedia.org/resource/Category:Mezen_River_basin"
"http://dbpedia.org/resource/Upper_Pond_(Kaliningrad)"	"Верхний пруд (Калининград)"	"http://dbpedia.org/resource/Category:Königsberg"
"http://dbpedia.org/resource/Upper_Pond_(Kaliningrad)"	"Верхний пруд (Калининград)"	"http://dbpedia.org/resource/Category:Kaliningrad"
"http://dbpedia.org/resource/Upper_Pond_(Kaliningrad)"	"Верхний пруд (Калининград)"	"http://dbpedia.org/resource/Category:1270_establishments"
"http://dbpedia.org/resource/Upper_Pond_(Kaliningrad)"	"Верхний пруд (Калининград)"	"http://dbpedia.org/resource/Category:Lakes_of_Kaliningrad_Oblast"
"http://dbpedia.org/resource/Upper_Pond_(Kaliningrad)"	"Верхний пруд (Калининград)"	"http://dbpedia.org/resource/Category:Visitor_attractions_in_Kaliningrad_Oblast"
"http://dbpedia.org/resource/Lake_Vivi"	"Виви (озеро)"	"http://dbpedia.org/resource/Category:Lakes_of_Krasnoyarsk_Krai"
"http://dbpedia.org/resource/Lake_Vištytis"	"Виштынецкое озеро"	"http://dbpedia.org/resource/Category:International_lakes_of_Europe"
"http://dbpedia.org/resource/Lake_Vištytis"	"Виштынецкое озеро"	"http://dbpedia.org/resource/Category:Lithuania–Russia_border"
"http://dbpedia.org/resource/Lake_Vištytis"	"Виштынецкое озеро"	"http://dbpedia.org/resource/Category:Lakes_of_Lithuania"
"http://dbpedia.org/resource/Lake_Vištytis"	"Виштынецкое озеро"	"http://dbpedia.org/resource/Category:Lakes_of_Kaliningrad_Oblast"
"http://dbpedia.org/resource/Lake_Vištytis"	"Виштынецкое озеро"	"http://dbpedia.org/resource/Category:Visitor_attractions_in_Marijampolė_County"
"http://dbpedia.org/resource/Lake_Vodlozero"	"Водлозеро"	"http://dbpedia.org/resource/Category:Lakes_of_the_Republic_of_Karelia"
"http://dbpedia.org/resource/Lake_Vodlozero"	"Водлозеро"	"http://dbpedia.org/resource/Category:Neva_basin"
"http://dbpedia.org/resource/Lake_Vozhe"	"Воже"	"http://dbpedia.org/resource/Category:Onega_River_basin"
"http://dbpedia.org/resource/Lake_Vozhe"	"Воже"	"http://dbpedia.org/resource/Category:Lakes_of_Vologda_Oblast"
"http://dbpedia.org/resource/Lake_Volgo"	"Волго"	"http://dbpedia.org/resource/Category:Volga_basin"
"http://dbpedia.org/resource/Lake_Volgo"	"Волго"	"http://dbpedia.org/resource/Category:Lakes_of_Tver_Oblast"
"http://dbpedia.org/resource/Volgograd_Reservoir"	"Волгоградское водохранилище"	"http://dbpedia.org/resource/Category:Volga_basin"
"http://dbpedia.org/resource/Volgograd_Reservoir"	"Волгоградское водохранилище"	"http://dbpedia.org/resource/Category:Reservoirs_built_in_the_Soviet_Union"
"http://dbpedia.org/resource/Volgograd_Reservoir"	"Волгоградское водохранилище"	"http://dbpedia.org/resource/Category:Reservoirs_in_Russia"
"http://dbpedia.org/resource/Volgograd_Reservoir"	"Волгоградское водохранилище"	"http://dbpedia.org/resource/Category:Landforms_of_Volgograd_Oblast"
"http://dbpedia.org/resource/Volgograd_Reservoir"	"Волгоградское водохранилище"	"http://dbpedia.org/resource/Category:Landforms_of_Saratov_Oblast"
"http://dbpedia.org/resource/Volgograd_Reservoir"	"Волгоградское водохранилище"	"http://dbpedia.org/resource/Category:Reservoirs_in_Saratov_Oblast"
"http://dbpedia.org/resource/Volgograd_Reservoir"	"Волгоградское водохранилище"	"http://dbpedia.org/resource/Category:Reservoirs_in_Volgograd_Oblast"
"http://dbpedia.org/resource/Votkinsk_Reservoir"	"Воткинское водохранилище"	"http://dbpedia.org/resource/Category:Reservoirs_built_in_the_Soviet_Union"
"http://dbpedia.org/resource/Votkinsk_Reservoir"	"Воткинское водохранилище"	"http://dbpedia.org/resource/Category:Reservoirs_in_Russia"
"http://dbpedia.org/resource/Votkinsk_Reservoir"	"Воткинское водохранилище"	"http://dbpedia.org/resource/Category:Landforms_of_Perm_Krai"
"http://dbpedia.org/resource/Votkinsk_Reservoir"	"Воткинское водохранилище"	"http://dbpedia.org/resource/Category:Landforms_of_the_Udmurt_Republic"
"http://dbpedia.org/resource/Votkinsk_Reservoir"	"Воткинское водохранилище"	"http://dbpedia.org/resource/Category:Reservoirs_in_Perm_Krai"
"http://dbpedia.org/resource/Votkinsk_Reservoir"	"Воткинское водохранилище"	"http://dbpedia.org/resource/Category:Reservoirs_in_Udmurtia"
"http://dbpedia.org/resource/Vouvatusjärvi"	"Воуватусъярви"	"http://dbpedia.org/resource/Category:Lakes_of_Murmansk_Oblast"
"http://dbpedia.org/resource/Vouvatusjärvi"	"Воуватусъярви"	"http://dbpedia.org/resource/Category:Norway–Russia_border"
"http://dbpedia.org/resource/Vouvatusjärvi"	"Воуватусъярви"	"http://dbpedia.org/resource/Category:Lakes_of_Sør-Varanger"
"http://dbpedia.org/resource/Lake_Vselug"	"Вселуг"	"http://dbpedia.org/resource/Category:Volga_basin"
"http://dbpedia.org/resource/Lake_Vselug"	"Вселуг"	"http://dbpedia.org/resource/Category:Lakes_of_Tver_Oblast"
"http://dbpedia.org/resource/Lake_Vygozero"	"Выгозеро"	"http://dbpedia.org/resource/Category:Vyg_basin"
"http://dbpedia.org/resource/Lake_Vygozero"	"Выгозеро"	"http://dbpedia.org/resource/Category:Lakes_of_the_Republic_of_Karelia"
"http://dbpedia.org/resource/Lake_Vyalozero"	"Вялозеро"	"http://dbpedia.org/resource/Category:Lakes_of_Murmansk_Oblast"
"http://dbpedia.org/resource/Lake_Vyalozero"	"Вялозеро"	"http://dbpedia.org/resource/Category:Umba_basin"
"http://dbpedia.org/resource/Lake_Galichskoye"	"Галичское озеро"	"http://dbpedia.org/resource/Category:Lakes_of_Kostroma_Oblast"
"http://dbpedia.org/resource/Lake_Glubokoye_(Putorana)"	"Глубокое (озеро, Красноярский край)"	"http://dbpedia.org/resource/Category:Lakes_of_Krasnoyarsk_Krai"
"http://dbpedia.org/resource/Gorky_Reservoir"	"Горьковское водохранилище"	"http://dbpedia.org/resource/Category:Reservoirs_in_Russia"
"http://dbpedia.org/resource/Gorky_Reservoir"	"Горьковское водохранилище"	"http://dbpedia.org/resource/Category:Lakes_of_Yaroslavl_Oblast"
"http://dbpedia.org/resource/Gorky_Reservoir"	"Горьковское водохранилище"	"http://dbpedia.org/resource/Category:Reservoirs_in_Yaroslavl_Oblast"
"http://dbpedia.org/resource/Gorky_Reservoir"	"Горьковское водохранилище"	"http://dbpedia.org/resource/Category:Lakes_of_Kostroma_Oblast"
"http://dbpedia.org/resource/Gorky_Reservoir"	"Горьковское водохранилище"	"http://dbpedia.org/resource/Category:Landforms_of_Ivanovo_Oblast"
"http://dbpedia.org/resource/Gorky_Reservoir"	"Горьковское водохранилище"	"http://dbpedia.org/resource/Category:Reservoirs_in_Kostroma_Oblast"
"http://dbpedia.org/resource/Gorky_Reservoir"	"Горьковское водохранилище"	"http://dbpedia.org/resource/Category:Landforms_of_Nizhny_Novgorod_Oblast"
"http://dbpedia.org/resource/Gorky_Reservoir"	"Горьковское водохранилище"	"http://dbpedia.org/resource/Category:Reservoirs_in_Russia"
"http://dbpedia.org/resource/Gorky_Reservoir"	"Горьковское водохранилище"	"http://dbpedia.org/resource/Category:Lakes_of_Yaroslavl_Oblast"
"http://dbpedia.org/resource/Gorky_Reservoir"	"Горьковское водохранилище"	"http://dbpedia.org/resource/Category:Reservoirs_in_Yaroslavl_Oblast"
"http://dbpedia.org/resource/Gorky_Reservoir"	"Горьковское водохранилище"	"http://dbpedia.org/resource/Category:Lakes_of_Kostroma_Oblast"
"http://dbpedia.org/resource/Gorky_Reservoir"	"Горьковское водохранилище"	"http://dbpedia.org/resource/Category:Landforms_of_Ivanovo_Oblast"
"http://dbpedia.org/resource/Gorky_Reservoir"	"Горьковское водохранилище"	"http://dbpedia.org/resource/Category:Reservoirs_in_Kostroma_Oblast"
"http://dbpedia.org/resource/Gorky_Reservoir"	"Горьковское водохранилище"	"http://dbpedia.org/resource/Category:Landforms_of_Nizhny_Novgorod_Oblast"
"http://dbpedia.org/resource/Lake_Gusinoye"	"Гусиное (озеро, Бурятия)"	"http://dbpedia.org/resource/Category:Lakes_of_the_Republic_of_Buryatia"
"http://dbpedia.org/resource/Lake_Gusinoye"	"Гусиное (озеро, Бурятия)"	"http://dbpedia.org/resource/Category:Lakes_of_the_Republic_of_Buryatia"
"http://dbpedia.org/resource/Lake_Gusinoye"	"Гусиное (озеро, Бурятия)"	"http://dbpedia.org/resource/Category:Lakes_of_the_Republic_of_Buryatia"
"http://dbpedia.org/resource/Lake_Yessey"	"Ессей (озеро)"	"http://dbpedia.org/resource/Category:Lakes_of_Krasnoyarsk_Krai"
"http://dbpedia.org/resource/Lake_Zhizhitskoye"	"Жижицкое"	"http://dbpedia.org/resource/Category:Lakes_of_Pskov_Oblast"
"http://dbpedia.org/resource/Lake_Zhizhitskoye"	"Жижицкое"	"http://dbpedia.org/resource/Category:Daugava_basin"
"http://dbpedia.org/resource/Ivankovo_Reservoir"	"Иваньковское водохранилище"	"http://dbpedia.org/resource/Category:Dams_on_the_Volga_River"
"http://dbpedia.org/resource/Ivankovo_Reservoir"	"Иваньковское водохранилище"	"http://dbpedia.org/resource/Category:Reservoirs_built_in_the_Soviet_Union"
"http://dbpedia.org/resource/Ivankovo_Reservoir"	"Иваньковское водохранилище"	"http://dbpedia.org/resource/Category:Lakes_of_Moscow_Oblast"
"http://dbpedia.org/resource/Ivankovo_Reservoir"	"Иваньковское водохранилище"	"http://dbpedia.org/resource/Category:Reservoirs_in_Russia"
"http://dbpedia.org/resource/Ivankovo_Reservoir"	"Иваньковское водохранилище"	"http://dbpedia.org/resource/Category:Lakes_of_Tver_Oblast"
"http://dbpedia.org/resource/Ivankovo_Reservoir"	"Иваньковское водохранилище"	"http://dbpedia.org/resource/Category:Reservoirs_in_Tver_Oblast"
"http://dbpedia.org/resource/Ivankovo_Reservoir"	"Иваньковское водохранилище"	"http://dbpedia.org/resource/Category:Reservoirs_in_Moscow_Oblast"
"http://dbpedia.org/resource/Ivankovo_Reservoir"	"Иваньковское водохранилище"	"http://dbpedia.org/resource/Category:Dams_on_the_Volga_River"
"http://dbpedia.org/resource/Ivankovo_Reservoir"	"Иваньковское водохранилище"	"http://dbpedia.org/resource/Category:Reservoirs_built_in_the_Soviet_Union"
"http://dbpedia.org/resource/Ivankovo_Reservoir"	"Иваньковское водохранилище"	"http://dbpedia.org/resource/Category:Lakes_of_Moscow_Oblast"
"http://dbpedia.org/resource/Ivankovo_Reservoir"	"Иваньковское водохранилище"	"http://dbpedia.org/resource/Category:Reservoirs_in_Russia"
"http://dbpedia.org/resource/Ivankovo_Reservoir"	"Иваньковское водохранилище"	"http://dbpedia.org/resource/Category:Lakes_of_Tver_Oblast"
"http://dbpedia.org/resource/Ivankovo_Reservoir"	"Иваньковское водохранилище"	"http://dbpedia.org/resource/Category:Reservoirs_in_Tver_Oblast"
"http://dbpedia.org/resource/Ivankovo_Reservoir"	"Иваньковское водохранилище"	"http://dbpedia.org/resource/Category:Reservoirs_in_Moscow_Oblast"
"http://dbpedia.org/resource/Lake_Ilirney"	"Илирней (озеро)"	"http://dbpedia.org/resource/Category:Lakes_of_Chukotka_Autonomous_Okrug"
"http://dbpedia.org/resource/Lake_Ilmen"	"Ильмень"	"http://dbpedia.org/resource/Category:Neva_basin"
"http://dbpedia.org/resource/Lake_Ilmen"	"Ильмень"	"http://dbpedia.org/resource/Category:Lakes_of_Novgorod_Oblast"
"http://dbpedia.org/resource/Lake_Ilmen"	"Ильмень"	"http://dbpedia.org/resource/Category:Neva_basin"
"http://dbpedia.org/resource/Lake_Ilmen"	"Ильмень"	"http://dbpedia.org/resource/Category:Lakes_of_Novgorod_Oblast"
"http://dbpedia.org/resource/Lake_Imandra"	"Имандра"	"http://dbpedia.org/resource/Category:Lakes_of_Murmansk_Oblast"
"http://dbpedia.org/resource/Lake_Imandra"	"Имандра"	"http://dbpedia.org/resource/Category:Niva_basin"
"http://dbpedia.org/resource/Kaban_Lakes"	"Кабан (озеро)"	"http://dbpedia.org/resource/Category:Kazan"
"http://dbpedia.org/resource/Kaban_Lakes"	"Кабан (озеро)"	"http://dbpedia.org/resource/Category:Lakes_of_Tatarstan"
"http://dbpedia.org/resource/Lake_Kanozero"	"Канозеро"	"http://dbpedia.org/resource/Category:Lakes_of_Murmansk_Oblast"
"http://dbpedia.org/resource/Lake_Kanozero"	"Канозеро"	"http://dbpedia.org/resource/Category:Umba_basin"
"http://dbpedia.org/resource/Karymsky_Lake"	"Карымское (озеро)"	"http://dbpedia.org/resource/Category:Lakes_of_Kamchatka_Krai"
"http://dbpedia.org/resource/Karymsky_Lake"	"Карымское (озеро)"	"http://dbpedia.org/resource/Category:Lakes_of_Kamchatka_Krai"
"http://dbpedia.org/resource/Karymsky_Lake"	"Карымское (озеро)"	"http://dbpedia.org/resource/Category:Lakes_of_Kamchatka_Krai"
"http://dbpedia.org/resource/Caspian_Sea"	"Каспийское море"	"http://dbpedia.org/resource/Category:International_lakes_of_Europe"
"http://dbpedia.org/resource/Caspian_Sea"	"Каспийское море"	"http://dbpedia.org/resource/Category:Kazakhstan–Russia_border"
"http://dbpedia.org/resource/Caspian_Sea"	"Каспийское море"	"http://dbpedia.org/resource/Category:Iran–Soviet_Union_relations"
"http://dbpedia.org/resource/Caspian_Sea"	"Каспийское море"	"http://dbpedia.org/resource/Category:Iran–Turkmenistan_border"
"http://dbpedia.org/resource/Caspian_Sea"	"Каспийское море"	"http://dbpedia.org/resource/Category:Azerbaijan–Iran_border"
"http://dbpedia.org/resource/Caspian_Sea"	"Каспийское море"	"http://dbpedia.org/resource/Category:Azerbaijan–Russia_border"
"http://dbpedia.org/resource/Caspian_Sea"	"Каспийское море"	"http://dbpedia.org/resource/Category:Kazakhstan–Turkmenistan_border"
"http://dbpedia.org/resource/Caspian_Sea"	"Каспийское море"	"http://dbpedia.org/resource/Category:Endorheic_lakes"
"http://dbpedia.org/resource/Caspian_Sea"	"Каспийское море"	"http://dbpedia.org/resource/Category:Lakes_of_Iran"
"http://dbpedia.org/resource/Caspian_Sea"	"Каспийское море"	"http://dbpedia.org/resource/Category:Lakes_of_Kazakhstan"
"http://dbpedia.org/resource/Caspian_Sea"	"Каспийское море"	"http://dbpedia.org/resource/Category:Lakes_of_Russia"
"http://dbpedia.org/resource/Caspian_Sea"	"Каспийское море"	"http://dbpedia.org/resource/Category:Lakes_of_Turkmenistan"
"http://dbpedia.org/resource/Caspian_Sea"	"Каспийское море"	"http://dbpedia.org/resource/Category:Caspian_Sea"
"http://dbpedia.org/resource/Caspian_Sea"	"Каспийское море"	"http://dbpedia.org/resource/Category:Border_tripoints"
"http://dbpedia.org/resource/Caspian_Sea"	"Каспийское море"	"http://dbpedia.org/resource/Category:Disputed_territories_in_Asia"
"http://dbpedia.org/resource/Caspian_Sea"	"Каспийское море"	"http://dbpedia.org/resource/Category:International_lakes_of_Asia"
"http://dbpedia.org/resource/Caspian_Sea"	"Каспийское море"	"http://dbpedia.org/resource/Category:Lowest_points"
"http://dbpedia.org/resource/Caspian_Sea"	"Каспийское море"	"http://dbpedia.org/resource/Category:Saline_lakes"
"http://dbpedia.org/resource/Caspian_Sea"	"Каспийское море"	"http://dbpedia.org/resource/Category:Lakes_of_Azerbaijan"
"http://dbpedia.org/resource/Lake_Kezenoyam"	"Кезенойам"	"http://dbpedia.org/resource/Category:Lakes_of_Chechnya"
"http://dbpedia.org/resource/Lake_Kezenoyam"	"Кезенойам"	"http://dbpedia.org/resource/Category:Lakes_of_Chechnya"
"http://dbpedia.org/resource/Lake_Kenozero"	"Кенозеро"	"http://dbpedia.org/resource/Category:Onega_River_basin"
"http://dbpedia.org/resource/Lake_Kenozero"	"Кенозеро"	"http://dbpedia.org/resource/Category:Lakes_of_Arkhangelsk_Oblast"
"http://dbpedia.org/resource/Lake_Keret"	"Кереть (озеро)"	"http://dbpedia.org/resource/Category:Lakes_of_the_Republic_of_Karelia"
"http://dbpedia.org/resource/Lake_Keta"	"Кета (озеро)"	"http://dbpedia.org/resource/Category:Lakes_of_Krasnoyarsk_Krai"
"http://dbpedia.org/resource/Lake_Kizi"	"Кизи (озеро)"	"http://dbpedia.org/resource/Category:Lakes_of_Khabarovsk_Krai"
"http://dbpedia.org/resource/Lake_Kildinskoye"	"Кильдинское"	"http://dbpedia.org/resource/Category:Lakes_of_Murmansk_Oblast"
"http://dbpedia.org/resource/Lake_Kildinskoye"	"Кильдинское"	"http://dbpedia.org/resource/Category:Tuloma_basin"
"http://dbpedia.org/resource/Klistervatnet"	"Клистерватн"	"http://dbpedia.org/resource/Category:International_lakes_of_Europe"
"http://dbpedia.org/resource/Klistervatnet"	"Клистерватн"	"http://dbpedia.org/resource/Category:Lakes_of_Murmansk_Oblast"
"http://dbpedia.org/resource/Klistervatnet"	"Клистерватн"	"http://dbpedia.org/resource/Category:Sør-Varanger"
"http://dbpedia.org/resource/Klistervatnet"	"Клистерватн"	"http://dbpedia.org/resource/Category:Lakes_of_Finnmark"
"http://dbpedia.org/resource/Klistervatnet"	"Клистерватн"	"http://dbpedia.org/resource/Category:Norway–Russia_border"
"http://dbpedia.org/resource/Klistervatnet"	"Клистерватн"	"http://dbpedia.org/resource/Category:Pechengsky_District"
"http://dbpedia.org/resource/Klistervatnet"	"Клистерватн"	"http://dbpedia.org/resource/Category:International_lakes_of_Europe"
"http://dbpedia.org/resource/Klistervatnet"	"Клистерватн"	"http://dbpedia.org/resource/Category:Lakes_of_Murmansk_Oblast"
"http://dbpedia.org/resource/Klistervatnet"	"Клистерватн"	"http://dbpedia.org/resource/Category:Sør-Varanger"
"http://dbpedia.org/resource/Klistervatnet"	"Клистерватн"	"http://dbpedia.org/resource/Category:Lakes_of_Finnmark"
"http://dbpedia.org/resource/Klistervatnet"	"Клистерватн"	"http://dbpedia.org/resource/Category:Norway–Russia_border"
"http://dbpedia.org/resource/Klistervatnet"	"Клистерватн"	"http://dbpedia.org/resource/Category:Pechengsky_District"
"http://dbpedia.org/resource/Klistervatnet"	"Клистерватн"	"http://dbpedia.org/resource/Category:International_lakes_of_Europe"
"http://dbpedia.org/resource/Klistervatnet"	"Клистерватн"	"http://dbpedia.org/resource/Category:Lakes_of_Murmansk_Oblast"
"http://dbpedia.org/resource/Klistervatnet"	"Клистерватн"	"http://dbpedia.org/resource/Category:Sør-Varanger"
"http://dbpedia.org/resource/Klistervatnet"	"Клистерватн"	"http://dbpedia.org/resource/Category:Lakes_of_Finnmark"
"http://dbpedia.org/resource/Klistervatnet"	"Клистерватн"	"http://dbpedia.org/resource/Category:Norway–Russia_border"
"http://dbpedia.org/resource/Klistervatnet"	"Клистерватн"	"http://dbpedia.org/resource/Category:Pechengsky_District"
"http://dbpedia.org/resource/Klistervatnet"	"Клистерватн"	"http://dbpedia.org/resource/Category:International_lakes_of_Europe"
"http://dbpedia.org/resource/Klistervatnet"	"Клистерватн"	"http://dbpedia.org/resource/Category:Lakes_of_Murmansk_Oblast"
"http://dbpedia.org/resource/Klistervatnet"	"Клистерватн"	"http://dbpedia.org/resource/Category:Sør-Varanger"
"http://dbpedia.org/resource/Klistervatnet"	"Клистерватн"	"http://dbpedia.org/resource/Category:Lakes_of_Finnmark"
"http://dbpedia.org/resource/Klistervatnet"	"Клистерватн"	"http://dbpedia.org/resource/Category:Norway–Russia_border"
"http://dbpedia.org/resource/Klistervatnet"	"Клистерватн"	"http://dbpedia.org/resource/Category:Pechengsky_District"
"http://dbpedia.org/resource/Lake_Kovdozero"	"Ковдозеро"	"http://dbpedia.org/resource/Category:Kovda_River_basin"
"http://dbpedia.org/resource/Lake_Kovdozero"	"Ковдозеро"	"http://dbpedia.org/resource/Category:Lakes_of_Murmansk_Oblast"
"http://dbpedia.org/resource/Lake_Kovzhskoye"	"Ковжское"	"http://dbpedia.org/resource/Category:Volga_basin"
"http://dbpedia.org/resource/Lake_Kovzhskoye"	"Ковжское"	"http://dbpedia.org/resource/Category:Lakes_of_Vologda_Oblast"
"http://dbpedia.org/resource/Lake_Kozhozero"	"Кожозеро"	"http://dbpedia.org/resource/Category:Onega_River_basin"
"http://dbpedia.org/resource/Lake_Kozhozero"	"Кожозеро"	"http://dbpedia.org/resource/Category:Lakes_of_Arkhangelsk_Oblast"
"http://dbpedia.org/resource/Lake_Kolvitskoye"	"Колвицкое озеро"	"http://dbpedia.org/resource/Category:Kolvitsa_basin"
"http://dbpedia.org/resource/Lake_Kolvitskoye"	"Колвицкое озеро"	"http://dbpedia.org/resource/Category:Lakes_of_Murmansk_Oblast"
"http://dbpedia.org/resource/Krasnoyarsk_Reservoir"	"Красноярское водохранилище"	"http://dbpedia.org/resource/Category:Lakes_of_Krasnoyarsk_Krai"
"http://dbpedia.org/resource/Krasnoyarsk_Reservoir"	"Красноярское водохранилище"	"http://dbpedia.org/resource/Category:Reservoirs_built_in_the_Soviet_Union"
"http://dbpedia.org/resource/Krasnoyarsk_Reservoir"	"Красноярское водохранилище"	"http://dbpedia.org/resource/Category:Reservoirs_in_Russia"
"http://dbpedia.org/resource/Krasnoyarsk_Reservoir"	"Красноярское водохранилище"	"http://dbpedia.org/resource/Category:Reservoirs_in_Krasnoyarsk_Krai"
"http://dbpedia.org/resource/Krasnoyarsk_Reservoir"	"Красноярское водохранилище"	"http://dbpedia.org/resource/Category:Lakes_of_Krasnoyarsk_Krai"
"http://dbpedia.org/resource/Krasnoyarsk_Reservoir"	"Красноярское водохранилище"	"http://dbpedia.org/resource/Category:Reservoirs_built_in_the_Soviet_Union"
"http://dbpedia.org/resource/Krasnoyarsk_Reservoir"	"Красноярское водохранилище"	"http://dbpedia.org/resource/Category:Reservoirs_in_Russia"
"http://dbpedia.org/resource/Krasnoyarsk_Reservoir"	"Красноярское водохранилище"	"http://dbpedia.org/resource/Category:Reservoirs_in_Krasnoyarsk_Krai"
"http://dbpedia.org/resource/Krivoye_Lake"	"Кривое (озеро, Челябинская область)"	"http://dbpedia.org/resource/Category:Archaeological_sites_in_Russia"
"http://dbpedia.org/resource/Krivoye_Lake"	"Кривое (озеро, Челябинская область)"	"http://dbpedia.org/resource/Category:Lakes_of_Chelyabinsk_Oblast"
"http://dbpedia.org/resource/Lake_Kubenskoye"	"Кубенское озеро"	"http://dbpedia.org/resource/Category:Northern_Dvina_basin"
"http://dbpedia.org/resource/Lake_Kubenskoye"	"Кубенское озеро"	"http://dbpedia.org/resource/Category:Lakes_of_Vologda_Oblast"
"http://dbpedia.org/resource/Kuybyshev_Reservoir"	"Куйбышевское водохранилище"	"http://dbpedia.org/resource/Category:Volga_basin"
"http://dbpedia.org/resource/Kuybyshev_Reservoir"	"Куйбышевское водохранилище"	"http://dbpedia.org/resource/Category:Reservoirs_built_in_the_Soviet_Union"
"http://dbpedia.org/resource/Kuybyshev_Reservoir"	"Куйбышевское водохранилище"	"http://dbpedia.org/resource/Category:Reservoirs_in_Russia"
"http://dbpedia.org/resource/Kuybyshev_Reservoir"	"Куйбышевское водохранилище"	"http://dbpedia.org/resource/Category:Lakes_of_Tatarstan"
"http://dbpedia.org/resource/Kuybyshev_Reservoir"	"Куйбышевское водохранилище"	"http://dbpedia.org/resource/Category:Landforms_of_Samara_Oblast"
"http://dbpedia.org/resource/Kuybyshev_Reservoir"	"Куйбышевское водохранилище"	"http://dbpedia.org/resource/Category:Landforms_of_Ulyanovsk_Oblast"
"http://dbpedia.org/resource/Kuybyshev_Reservoir"	"Куйбышевское водохранилище"	"http://dbpedia.org/resource/Category:Landforms_of_the_Chuvash_Republic"
"http://dbpedia.org/resource/Kuybyshev_Reservoir"	"Куйбышевское водохранилище"	"http://dbpedia.org/resource/Category:Lakes_of_Samara_Oblast"
"http://dbpedia.org/resource/Kuybyshev_Reservoir"	"Куйбышевское водохранилище"	"http://dbpedia.org/resource/Category:Lakes_of_Ulyanovsk_Oblast"
"http://dbpedia.org/resource/Kuybyshev_Reservoir"	"Куйбышевское водохранилище"	"http://dbpedia.org/resource/Category:Lakes_of_the_Chuvash_Republic"
"http://dbpedia.org/resource/Kuybyshev_Reservoir"	"Куйбышевское водохранилище"	"http://dbpedia.org/resource/Category:Reservoirs_in_Samara_Oblast"
"http://dbpedia.org/resource/Kuybyshev_Reservoir"	"Куйбышевское водохранилище"	"http://dbpedia.org/resource/Category:Reservoirs_in_Tatarstan"
"http://dbpedia.org/resource/Kuybyshev_Reservoir"	"Куйбышевское водохранилище"	"http://dbpedia.org/resource/Category:Reservoirs_in_Ulyanovsk_Oblast"
"http://dbpedia.org/resource/Kuybyshev_Reservoir"	"Куйбышевское водохранилище"	"http://dbpedia.org/resource/Category:Reservoirs_in_the_Chuvash_Republic"
"http://dbpedia.org/resource/Kuybyshev_Reservoir"	"Куйбышевское водохранилище"	"http://dbpedia.org/resource/Category:Reservoirs_in_Mari_El"
"http://dbpedia.org/resource/Kuybyshev_Reservoir"	"Куйбышевское водохранилище"	"http://dbpedia.org/resource/Category:Volga_basin"
"http://dbpedia.org/resource/Kuybyshev_Reservoir"	"Куйбышевское водохранилище"	"http://dbpedia.org/resource/Category:Reservoirs_built_in_the_Soviet_Union"
"http://dbpedia.org/resource/Kuybyshev_Reservoir"	"Куйбышевское водохранилище"	"http://dbpedia.org/resource/Category:Reservoirs_in_Russia"
"http://dbpedia.org/resource/Kuybyshev_Reservoir"	"Куйбышевское водохранилище"	"http://dbpedia.org/resource/Category:Lakes_of_Tatarstan"
"http://dbpedia.org/resource/Kuybyshev_Reservoir"	"Куйбышевское водохранилище"	"http://dbpedia.org/resource/Category:Landforms_of_Samara_Oblast"
"http://dbpedia.org/resource/Kuybyshev_Reservoir"	"Куйбышевское водохранилище"	"http://dbpedia.org/resource/Category:Landforms_of_Ulyanovsk_Oblast"
"http://dbpedia.org/resource/Kuybyshev_Reservoir"	"Куйбышевское водохранилище"	"http://dbpedia.org/resource/Category:Landforms_of_the_Chuvash_Republic"
"http://dbpedia.org/resource/Kuybyshev_Reservoir"	"Куйбышевское водохранилище"	"http://dbpedia.org/resource/Category:Lakes_of_Samara_Oblast"
"http://dbpedia.org/resource/Kuybyshev_Reservoir"	"Куйбышевское водохранилище"	"http://dbpedia.org/resource/Category:Lakes_of_Ulyanovsk_Oblast"
"http://dbpedia.org/resource/Kuybyshev_Reservoir"	"Куйбышевское водохранилище"	"http://dbpedia.org/resource/Category:Lakes_of_the_Chuvash_Republic"
"http://dbpedia.org/resource/Kuybyshev_Reservoir"	"Куйбышевское водохранилище"	"http://dbpedia.org/resource/Category:Reservoirs_in_Samara_Oblast"
"http://dbpedia.org/resource/Kuybyshev_Reservoir"	"Куйбышевское водохранилище"	"http://dbpedia.org/resource/Category:Reservoirs_in_Tatarstan"
"http://dbpedia.org/resource/Kuybyshev_Reservoir"	"Куйбышевское водохранилище"	"http://dbpedia.org/resource/Category:Reservoirs_in_Ulyanovsk_Oblast"
"http://dbpedia.org/resource/Kuybyshev_Reservoir"	"Куйбышевское водохранилище"	"http://dbpedia.org/resource/Category:Reservoirs_in_the_Chuvash_Republic"
"http://dbpedia.org/resource/Kuybyshev_Reservoir"	"Куйбышевское водохранилище"	"http://dbpedia.org/resource/Category:Reservoirs_in_Mari_El"
"http://dbpedia.org/resource/Kuyto"	"Куйто"	"http://dbpedia.org/resource/Category:Kem_River_basin"
"http://dbpedia.org/resource/Kuyto"	"Куйто"	"http://dbpedia.org/resource/Category:Lakes_of_the_Republic_of_Karelia"
"http://dbpedia.org/resource/Lake_Kulundinskoye"	"Кулундинское озеро"	"http://dbpedia.org/resource/Category:Lakes_of_Russia"
"http://dbpedia.org/resource/Lake_Kulundinskoye"	"Кулундинское озеро"	"http://dbpedia.org/resource/Category:Landforms_of_Altai_Krai"
"http://dbpedia.org/resource/Lake_Kulundinskoye"	"Кулундинское озеро"	"http://dbpedia.org/resource/Category:Lakes_of_Altai_Krai"
"http://dbpedia.org/resource/Lake_Labaz"	"Лабаз (озеро)"	"http://dbpedia.org/resource/Category:Lakes_of_Krasnoyarsk_Krai"
"http://dbpedia.org/resource/Lake_Ladoga"	"Ладожское озеро"	"http://dbpedia.org/resource/Category:Glacial_lakes"
"http://dbpedia.org/resource/Lake_Ladoga"	"Ладожское озеро"	"http://dbpedia.org/resource/Category:Karelian_Isthmus"
"http://dbpedia.org/resource/Lake_Ladoga"	"Ладожское озеро"	"http://dbpedia.org/resource/Category:Lakes_of_Leningrad_Oblast"
"http://dbpedia.org/resource/Lake_Ladoga"	"Ладожское озеро"	"http://dbpedia.org/resource/Category:Lakes_of_the_Republic_of_Karelia"
"http://dbpedia.org/resource/Lake_Ladoga"	"Ладожское озеро"	"http://dbpedia.org/resource/Category:Mesoproterozoic_rifts_and_grabens"
"http://dbpedia.org/resource/Lake_Ladoga"	"Ладожское озеро"	"http://dbpedia.org/resource/Category:Neva_basin"
"http://dbpedia.org/resource/Lake_Ladoga"	"Ладожское озеро"	"http://dbpedia.org/resource/Category:Rift_lakes"
"http://dbpedia.org/resource/Lake_Ladoga"	"Ладожское озеро"	"http://dbpedia.org/resource/Category:Glacial_lakes"
"http://dbpedia.org/resource/Lake_Ladoga"	"Ладожское озеро"	"http://dbpedia.org/resource/Category:Karelian_Isthmus"
"http://dbpedia.org/resource/Lake_Ladoga"	"Ладожское озеро"	"http://dbpedia.org/resource/Category:Lakes_of_Leningrad_Oblast"
"http://dbpedia.org/resource/Lake_Ladoga"	"Ладожское озеро"	"http://dbpedia.org/resource/Category:Lakes_of_the_Republic_of_Karelia"
"http://dbpedia.org/resource/Lake_Ladoga"	"Ладожское озеро"	"http://dbpedia.org/resource/Category:Mesoproterozoic_rifts_and_grabens"
"http://dbpedia.org/resource/Lake_Ladoga"	"Ладожское озеро"	"http://dbpedia.org/resource/Category:Neva_basin"
"http://dbpedia.org/resource/Lake_Ladoga"	"Ладожское озеро"	"http://dbpedia.org/resource/Category:Rift_lakes"
"http://dbpedia.org/resource/Lake_Lama"	"Лама (озеро)"	"http://dbpedia.org/resource/Category:Lakes_of_Krasnoyarsk_Krai"
"http://dbpedia.org/resource/Lake_Lacha"	"Лача"	"http://dbpedia.org/resource/Category:Onega_River_basin"
"http://dbpedia.org/resource/Lake_Lacha"	"Лача"	"http://dbpedia.org/resource/Category:Lakes_of_Arkhangelsk_Oblast"
"http://dbpedia.org/resource/Lake_Leksozero"	"Лексозеро"	"http://dbpedia.org/resource/Category:Lakes_of_the_Republic_of_Karelia"
"http://dbpedia.org/resource/Lake_Leksozero"	"Лексозеро"	"http://dbpedia.org/resource/Category:Neva_basin"
"http://dbpedia.org/resource/Lake_Lupche"	"Лупче (озеро)"	"http://dbpedia.org/resource/Category:Lakes_of_Murmansk_Oblast"
"http://dbpedia.org/resource/Lake_Lupche"	"Лупче (озеро)"	"http://dbpedia.org/resource/Category:Lupche-Savino_basin"
"http://dbpedia.org/resource/Lake_Lyokshmozero"	"Лёкшмозеро"	"http://dbpedia.org/resource/Category:Onega_River_basin"
"http://dbpedia.org/resource/Lake_Lyokshmozero"	"Лёкшмозеро"	"http://dbpedia.org/resource/Category:Lakes_of_Arkhangelsk_Oblast"
"http://dbpedia.org/resource/Lake_Manych-Gudilo"	"Маныч-Гудило"	"http://dbpedia.org/resource/Category:Don_basin"
"http://dbpedia.org/resource/Lake_Manych-Gudilo"	"Маныч-Гудило"	"http://dbpedia.org/resource/Category:Lakes_of_the_Caucasus"
"http://dbpedia.org/resource/Lake_Manych-Gudilo"	"Маныч-Гудило"	"http://dbpedia.org/resource/Category:Ramsar_sites_in_Russia"
"http://dbpedia.org/resource/Lake_Manych-Gudilo"	"Маныч-Гудило"	"http://dbpedia.org/resource/Category:Saline_lakes"
"http://dbpedia.org/resource/Lake_Manych-Gudilo"	"Маныч-Гудило"	"http://dbpedia.org/resource/Category:Landforms_of_Stavropol_Krai"
"http://dbpedia.org/resource/Lake_Manych-Gudilo"	"Маныч-Гудило"	"http://dbpedia.org/resource/Category:Lakes_of_Kalmykia"
"http://dbpedia.org/resource/Lake_Manych-Gudilo"	"Маныч-Гудило"	"http://dbpedia.org/resource/Category:Landforms_of_Rostov_Oblast"
"http://dbpedia.org/resource/Mogilnoye"	"Могильное (озеро)"	"http://dbpedia.org/resource/Category:Lakes_of_Murmansk_Oblast"
"http://dbpedia.org/resource/Lake_Mogotoyevo"	"Моготоево"	"http://dbpedia.org/resource/Category:Lakes_of_the_Sakha_Republic"
"http://dbpedia.org/resource/Lake_Mogotoyevo"	"Моготоево"	"http://dbpedia.org/resource/Category:Lakes_of_the_Sakha_Republic"
"http://dbpedia.org/resource/Lake_Mogotoyevo"	"Моготоево"	"http://dbpedia.org/resource/Category:Lakes_of_the_Sakha_Republic"
"http://dbpedia.org/resource/Lake_Mogotoyevo"	"Моготоево"	"http://dbpedia.org/resource/Category:Lakes_of_the_Sakha_Republic"
"http://dbpedia.org/resource/Sea_Eye_Lake"	"Морской Глаз"	"http://dbpedia.org/resource/Category:Geomorphology"
"http://dbpedia.org/resource/Sea_Eye_Lake"	"Морской Глаз"	"http://dbpedia.org/resource/Category:Karst"
"http://dbpedia.org/resource/Sea_Eye_Lake"	"Морской Глаз"	"http://dbpedia.org/resource/Category:Lakes_of_Mari_El"
"http://dbpedia.org/resource/Narva_Reservoir"	"Нарвское водохранилище"	"http://dbpedia.org/resource/Category:International_lakes_of_Europe"
"http://dbpedia.org/resource/Narva_Reservoir"	"Нарвское водохранилище"	"http://dbpedia.org/resource/Category:Narva_River_basin"
"http://dbpedia.org/resource/Narva_Reservoir"	"Нарвское водохранилище"	"http://dbpedia.org/resource/Category:Reservoirs_in_Estonia"
"http://dbpedia.org/resource/Narva_Reservoir"	"Нарвское водохранилище"	"http://dbpedia.org/resource/Category:Reservoirs_built_in_the_Soviet_Union"
"http://dbpedia.org/resource/Narva_Reservoir"	"Нарвское водохранилище"	"http://dbpedia.org/resource/Category:Estonia–Russia_border"
"http://dbpedia.org/resource/Narva_Reservoir"	"Нарвское водохранилище"	"http://dbpedia.org/resource/Category:Lakes_of_Leningrad_Oblast"
"http://dbpedia.org/resource/Narva_Reservoir"	"Нарвское водохранилище"	"http://dbpedia.org/resource/Category:Reservoirs_in_Russia"
"http://dbpedia.org/resource/Narva_Reservoir"	"Нарвское водохранилище"	"http://dbpedia.org/resource/Category:Reservoirs_in_Leningrad_Oblast"
"http://dbpedia.org/resource/Lake_Nero"	"Неро"	"http://dbpedia.org/resource/Category:Lakes_of_Yaroslavl_Oblast"
"http://dbpedia.org/resource/Nizhnekamsk_Reservoir"	"Нижнекамское водохранилище"	"http://dbpedia.org/resource/Category:Buildings_and_structures_in_Tatarstan"
"http://dbpedia.org/resource/Nizhnekamsk_Reservoir"	"Нижнекамское водохранилище"	"http://dbpedia.org/resource/Category:Reservoirs_in_Russia"
"http://dbpedia.org/resource/Nizhnekamsk_Reservoir"	"Нижнекамское водохранилище"	"http://dbpedia.org/resource/Category:Lakes_of_Tatarstan"
"http://dbpedia.org/resource/Nizhnekamsk_Reservoir"	"Нижнекамское водохранилище"	"http://dbpedia.org/resource/Category:Lakes_of_Perm_Krai"
"http://dbpedia.org/resource/Nizhnekamsk_Reservoir"	"Нижнекамское водохранилище"	"http://dbpedia.org/resource/Category:Lakes_of_Udmurtia"
"http://dbpedia.org/resource/Nizhnekamsk_Reservoir"	"Нижнекамское водохранилище"	"http://dbpedia.org/resource/Category:Reservoirs_in_Bashkortostan"
"http://dbpedia.org/resource/Nizhnekamsk_Reservoir"	"Нижнекамское водохранилище"	"http://dbpedia.org/resource/Category:Reservoirs_in_Perm_Krai"
"http://dbpedia.org/resource/Nizhnekamsk_Reservoir"	"Нижнекамское водохранилище"	"http://dbpedia.org/resource/Category:Reservoirs_in_Tatarstan"
"http://dbpedia.org/resource/Nizhnekamsk_Reservoir"	"Нижнекамское водохранилище"	"http://dbpedia.org/resource/Category:Reservoirs_in_Udmurtia"
"http://dbpedia.org/resource/Nizhnekamsk_Reservoir"	"Нижнекамское водохранилище"	"http://dbpedia.org/resource/Category:Lakes_of_Bashkortostan"
"http://dbpedia.org/resource/Nizhnekamsk_Reservoir"	"Нижнекамское водохранилище"	"http://dbpedia.org/resource/Category:Buildings_and_structures_in_Tatarstan"
"http://dbpedia.org/resource/Nizhnekamsk_Reservoir"	"Нижнекамское водохранилище"	"http://dbpedia.org/resource/Category:Reservoirs_in_Russia"
"http://dbpedia.org/resource/Nizhnekamsk_Reservoir"	"Нижнекамское водохранилище"	"http://dbpedia.org/resource/Category:Lakes_of_Tatarstan"
"http://dbpedia.org/resource/Nizhnekamsk_Reservoir"	"Нижнекамское водохранилище"	"http://dbpedia.org/resource/Category:Lakes_of_Perm_Krai"
"http://dbpedia.org/resource/Nizhnekamsk_Reservoir"	"Нижнекамское водохранилище"	"http://dbpedia.org/resource/Category:Lakes_of_Udmurtia"
"http://dbpedia.org/resource/Nizhnekamsk_Reservoir"	"Нижнекамское водохранилище"	"http://dbpedia.org/resource/Category:Reservoirs_in_Bashkortostan"
"http://dbpedia.org/resource/Nizhnekamsk_Reservoir"	"Нижнекамское водохранилище"	"http://dbpedia.org/resource/Category:Reservoirs_in_Perm_Krai"
"http://dbpedia.org/resource/Nizhnekamsk_Reservoir"	"Нижнекамское водохранилище"	"http://dbpedia.org/resource/Category:Reservoirs_in_Tatarstan"
"http://dbpedia.org/resource/Nizhnekamsk_Reservoir"	"Нижнекамское водохранилище"	"http://dbpedia.org/resource/Category:Reservoirs_in_Udmurtia"
"http://dbpedia.org/resource/Nizhnekamsk_Reservoir"	"Нижнекамское водохранилище"	"http://dbpedia.org/resource/Category:Lakes_of_Bashkortostan"
"http://dbpedia.org/resource/Lower_Pond_(Kaliningrad)"	"Нижний пруд (Калининград)"	"http://dbpedia.org/resource/Category:Königsberg"
"http://dbpedia.org/resource/Lower_Pond_(Kaliningrad)"	"Нижний пруд (Калининград)"	"http://dbpedia.org/resource/Category:Kaliningrad"
"http://dbpedia.org/resource/Lower_Pond_(Kaliningrad)"	"Нижний пруд (Калининград)"	"http://dbpedia.org/resource/Category:1256_establishments"
"http://dbpedia.org/resource/Lower_Pond_(Kaliningrad)"	"Нижний пруд (Калининград)"	"http://dbpedia.org/resource/Category:Lakes_of_Kaliningrad_Oblast"
"http://dbpedia.org/resource/Lower_Pond_(Kaliningrad)"	"Нижний пруд (Калининград)"	"http://dbpedia.org/resource/Category:Visitor_attractions_in_Kaliningrad_Oblast"
"http://dbpedia.org/resource/Lake_Novozero"	"Новозеро"	"http://dbpedia.org/resource/Category:Lakes_of_Vologda_Oblast"
"http://dbpedia.org/resource/Lake_Notozero"	"Нотозеро (бассейн Туломы)"	"http://dbpedia.org/resource/Category:Lakes_of_Murmansk_Oblast"
"http://dbpedia.org/resource/Lake_Notozero"	"Нотозеро (бассейн Туломы)"	"http://dbpedia.org/resource/Category:Tuloma_basin"
"http://dbpedia.org/resource/Lake_Nyuk"	"Нюк"	"http://dbpedia.org/resource/Category:Kem_River_basin"
"http://dbpedia.org/resource/Lake_Nyuk"	"Нюк"	"http://dbpedia.org/resource/Category:Lakes_of_the_Republic_of_Karelia"
"http://dbpedia.org/resource/Lake_Ozhogino"	"Ожогино (озеро)"	"http://dbpedia.org/resource/Category:Lakes_of_the_Sakha_Republic"
"http://dbpedia.org/resource/Lake_Onega"	"Онежское озеро"	"http://dbpedia.org/resource/Category:Lakes_of_Vologda_Oblast"
"http://dbpedia.org/resource/Lake_Onega"	"Онежское озеро"	"http://dbpedia.org/resource/Category:Lakes_of_Leningrad_Oblast"
"http://dbpedia.org/resource/Lake_Onega"	"Онежское озеро"	"http://dbpedia.org/resource/Category:Lakes_of_the_Republic_of_Karelia"
"http://dbpedia.org/resource/Lake_Onega"	"Онежское озеро"	"http://dbpedia.org/resource/Category:Neva_basin"
"http://dbpedia.org/resource/Lake_Orel"	"Орель (озеро)"	"http://dbpedia.org/resource/Category:Lakes_of_Khabarovsk_Krai"
"http://dbpedia.org/resource/Lake_Orel"	"Орель (озеро)"	"http://dbpedia.org/resource/Category:Lakes_of_Khabarovsk_Krai"
"http://dbpedia.org/resource/Lake_Peno"	"Пено (озеро)"	"http://dbpedia.org/resource/Category:Volga_basin"
"http://dbpedia.org/resource/Lake_Peno"	"Пено (озеро)"	"http://dbpedia.org/resource/Category:Lakes_of_Tver_Oblast"
"http://dbpedia.org/resource/Lake_Pleshcheyevo"	"Плещеево озеро"	"http://dbpedia.org/resource/Category:Parks_in_Russia"
"http://dbpedia.org/resource/Lake_Pleshcheyevo"	"Плещеево озеро"	"http://dbpedia.org/resource/Category:Pereslavl-Zalessky"
"http://dbpedia.org/resource/Lake_Pleshcheyevo"	"Плещеево озеро"	"http://dbpedia.org/resource/Category:Lakes_of_Yaroslavl_Oblast"
"http://dbpedia.org/resource/Lake_Pleshcheyevo"	"Плещеево озеро"	"http://dbpedia.org/resource/Category:Visitor_attractions_in_Yaroslavl_Oblast"
"http://dbpedia.org/resource/Lake_Ponchozero"	"Пончозеро"	"http://dbpedia.org/resource/Category:Lakes_of_Murmansk_Oblast"
"http://dbpedia.org/resource/Lake_Ponchozero"	"Пончозеро"	"http://dbpedia.org/resource/Category:Umba_basin"
"http://dbpedia.org/resource/Pyhäjärvi_(Karelia)"	"Пюхяярви (Карелия)"	"http://dbpedia.org/resource/Category:International_lakes_of_Europe"
"http://dbpedia.org/resource/Pyhäjärvi_(Karelia)"	"Пюхяярви (Карелия)"	"http://dbpedia.org/resource/Category:Lakes_of_Finland"
"http://dbpedia.org/resource/Pyhäjärvi_(Karelia)"	"Пюхяярви (Карелия)"	"http://dbpedia.org/resource/Category:Finland–Russia_border"
"http://dbpedia.org/resource/Pyhäjärvi_(Karelia)"	"Пюхяярви (Карелия)"	"http://dbpedia.org/resource/Category:Lakes_of_the_Republic_of_Karelia"
"http://dbpedia.org/resource/Pyhäjärvi_(Karelia)"	"Пюхяярви (Карелия)"	"http://dbpedia.org/resource/Category:Neva_basin"
"http://dbpedia.org/resource/Lake_Pyaozero"	"Пяозеро"	"http://dbpedia.org/resource/Category:Kovda_River_basin"
"http://dbpedia.org/resource/Lake_Pyaozero"	"Пяозеро"	"http://dbpedia.org/resource/Category:Lakes_of_the_Republic_of_Karelia"
"http://dbpedia.org/resource/Lake_Pyasino"	"Пясино"	"http://dbpedia.org/resource/Category:Lakes_of_Krasnoyarsk_Krai"
"http://dbpedia.org/resource/Rybinsk_Reservoir"	"Рыбинское водохранилище"	"http://dbpedia.org/resource/Category:Reservoirs_built_in_the_Soviet_Union"
"http://dbpedia.org/resource/Rybinsk_Reservoir"	"Рыбинское водохранилище"	"http://dbpedia.org/resource/Category:Lakes_of_Vologda_Oblast"
"http://dbpedia.org/resource/Rybinsk_Reservoir"	"Рыбинское водохранилище"	"http://dbpedia.org/resource/Category:Reservoirs_in_Russia"
"http://dbpedia.org/resource/Rybinsk_Reservoir"	"Рыбинское водохранилище"	"http://dbpedia.org/resource/Category:Lakes_of_Tver_Oblast"
"http://dbpedia.org/resource/Rybinsk_Reservoir"	"Рыбинское водохранилище"	"http://dbpedia.org/resource/Category:Lakes_of_Yaroslavl_Oblast"
"http://dbpedia.org/resource/Rybinsk_Reservoir"	"Рыбинское водохранилище"	"http://dbpedia.org/resource/Category:Reservoirs_in_Tver_Oblast"
"http://dbpedia.org/resource/Rybinsk_Reservoir"	"Рыбинское водохранилище"	"http://dbpedia.org/resource/Category:Reservoirs_in_Vologda_Oblast"
"http://dbpedia.org/resource/Rybinsk_Reservoir"	"Рыбинское водохранилище"	"http://dbpedia.org/resource/Category:Reservoirs_in_Yaroslavl_Oblast"
"http://dbpedia.org/resource/Rybinsk_Reservoir"	"Рыбинское водохранилище"	"http://dbpedia.org/resource/Category:Reservoirs_built_in_the_Soviet_Union"
"http://dbpedia.org/resource/Rybinsk_Reservoir"	"Рыбинское водохранилище"	"http://dbpedia.org/resource/Category:Lakes_of_Vologda_Oblast"
"http://dbpedia.org/resource/Rybinsk_Reservoir"	"Рыбинское водохранилище"	"http://dbpedia.org/resource/Category:Reservoirs_in_Russia"
"http://dbpedia.org/resource/Rybinsk_Reservoir"	"Рыбинское водохранилище"	"http://dbpedia.org/resource/Category:Lakes_of_Tver_Oblast"
"http://dbpedia.org/resource/Rybinsk_Reservoir"	"Рыбинское водохранилище"	"http://dbpedia.org/resource/Category:Lakes_of_Yaroslavl_Oblast"
"http://dbpedia.org/resource/Rybinsk_Reservoir"	"Рыбинское водохранилище"	"http://dbpedia.org/resource/Category:Reservoirs_in_Tver_Oblast"
"http://dbpedia.org/resource/Rybinsk_Reservoir"	"Рыбинское водохранилище"	"http://dbpedia.org/resource/Category:Reservoirs_in_Vologda_Oblast"
"http://dbpedia.org/resource/Rybinsk_Reservoir"	"Рыбинское водохранилище"	"http://dbpedia.org/resource/Category:Reservoirs_in_Yaroslavl_Oblast"
"http://dbpedia.org/resource/Lake_Sapsho"	"Сапшо"	"http://dbpedia.org/resource/Category:Lakes_of_Russia"
"http://dbpedia.org/resource/Lake_Sapsho"	"Сапшо"	"http://dbpedia.org/resource/Category:Glacial_lakes"
"http://dbpedia.org/resource/Lake_Sapsho"	"Сапшо"	"http://dbpedia.org/resource/Category:Landforms_of_Smolensk_Oblast"
"http://dbpedia.org/resource/Lake_Sapsho"	"Сапшо"	"http://dbpedia.org/resource/Category:Visitor_attractions_in_Smolensk_Oblast"
"http://dbpedia.org/resource/Lake_Sapsho"	"Сапшо"	"http://dbpedia.org/resource/Category:Lakes_of_Smolensk_Oblast"
"http://dbpedia.org/resource/Lake_Sapsho"	"Сапшо"	"http://dbpedia.org/resource/Category:Lakes_of_Russia"
"http://dbpedia.org/resource/Lake_Sapsho"	"Сапшо"	"http://dbpedia.org/resource/Category:Glacial_lakes"
"http://dbpedia.org/resource/Lake_Sapsho"	"Сапшо"	"http://dbpedia.org/resource/Category:Landforms_of_Smolensk_Oblast"
"http://dbpedia.org/resource/Lake_Sapsho"	"Сапшо"	"http://dbpedia.org/resource/Category:Visitor_attractions_in_Smolensk_Oblast"
"http://dbpedia.org/resource/Lake_Sapsho"	"Сапшо"	"http://dbpedia.org/resource/Category:Lakes_of_Smolensk_Oblast"
"http://dbpedia.org/resource/Lake_Sapsho"	"Сапшо"	"http://dbpedia.org/resource/Category:Lakes_of_Russia"
"http://dbpedia.org/resource/Lake_Sapsho"	"Сапшо"	"http://dbpedia.org/resource/Category:Glacial_lakes"
"http://dbpedia.org/resource/Lake_Sapsho"	"Сапшо"	"http://dbpedia.org/resource/Category:Landforms_of_Smolensk_Oblast"
"http://dbpedia.org/resource/Lake_Sapsho"	"Сапшо"	"http://dbpedia.org/resource/Category:Visitor_attractions_in_Smolensk_Oblast"
"http://dbpedia.org/resource/Lake_Sapsho"	"Сапшо"	"http://dbpedia.org/resource/Category:Lakes_of_Smolensk_Oblast"
"http://dbpedia.org/resource/Lake_Sapsho"	"Сапшо"	"http://dbpedia.org/resource/Category:Lakes_of_Russia"
"http://dbpedia.org/resource/Lake_Sapsho"	"Сапшо"	"http://dbpedia.org/resource/Category:Glacial_lakes"
"http://dbpedia.org/resource/Lake_Sapsho"	"Сапшо"	"http://dbpedia.org/resource/Category:Landforms_of_Smolensk_Oblast"
"http://dbpedia.org/resource/Lake_Sapsho"	"Сапшо"	"http://dbpedia.org/resource/Category:Visitor_attractions_in_Smolensk_Oblast"
"http://dbpedia.org/resource/Lake_Sapsho"	"Сапшо"	"http://dbpedia.org/resource/Category:Lakes_of_Smolensk_Oblast"
"http://dbpedia.org/resource/Saratov_Reservoir"	"Саратовское водохранилище"	"http://dbpedia.org/resource/Category:Reservoirs_built_in_the_Soviet_Union"
"http://dbpedia.org/resource/Saratov_Reservoir"	"Саратовское водохранилище"	"http://dbpedia.org/resource/Category:Reservoirs_in_Russia"
"http://dbpedia.org/resource/Saratov_Reservoir"	"Саратовское водохранилище"	"http://dbpedia.org/resource/Category:Landforms_of_Samara_Oblast"
"http://dbpedia.org/resource/Saratov_Reservoir"	"Саратовское водохранилище"	"http://dbpedia.org/resource/Category:Landforms_of_Saratov_Oblast"
"http://dbpedia.org/resource/Saratov_Reservoir"	"Саратовское водохранилище"	"http://dbpedia.org/resource/Category:Reservoirs_in_Samara_Oblast"
"http://dbpedia.org/resource/Saratov_Reservoir"	"Саратовское водохранилище"	"http://dbpedia.org/resource/Category:Reservoirs_in_Saratov_Oblast"
"http://dbpedia.org/resource/Lake_Sarpa"	"Сарпа (озеро, Волгоградская область)"	"http://dbpedia.org/resource/Category:Lakes_of_Kalmykia"
"http://dbpedia.org/resource/Lake_Segozero"	"Сегозеро"	"http://dbpedia.org/resource/Category:Vyg_basin"
"http://dbpedia.org/resource/Lake_Segozero"	"Сегозеро"	"http://dbpedia.org/resource/Category:Lakes_of_the_Republic_of_Karelia"
"http://dbpedia.org/resource/Lake_Seliger"	"Селигер"	"http://dbpedia.org/resource/Category:Volga_basin"
"http://dbpedia.org/resource/Lake_Seliger"	"Селигер"	"http://dbpedia.org/resource/Category:Lakes_of_Tver_Oblast"
"http://dbpedia.org/resource/Lake_Seliger"	"Селигер"	"http://dbpedia.org/resource/Category:Lakes_of_Novgorod_Oblast"
"http://dbpedia.org/resource/Lake_Semyonovskoye"	"Семёновское озеро"	"http://dbpedia.org/resource/Category:Lakes_of_Murmansk_Oblast"
"http://dbpedia.org/resource/Senezh_Lake"	"Сенеж (озеро)"	"http://dbpedia.org/resource/Category:Lakes_of_Moscow_Oblast"
"http://dbpedia.org/resource/Lake_Sennitsa"	"Сенница (озеро)"	"http://dbpedia.org/resource/Category:Belarus–Russia_border"
"http://dbpedia.org/resource/Lake_Sennitsa"	"Сенница (озеро)"	"http://dbpedia.org/resource/Category:Lakes_of_Pskov_Oblast"
"http://dbpedia.org/resource/Lake_Sterzh"	"Стерж"	"http://dbpedia.org/resource/Category:Volga_basin"
"http://dbpedia.org/resource/Lake_Sterzh"	"Стерж"	"http://dbpedia.org/resource/Category:Lakes_of_Tver_Oblast"
"http://dbpedia.org/resource/Lake_Sukhodolskoye"	"Суходольское озеро"	"http://dbpedia.org/resource/Category:Karelian_Isthmus"
"http://dbpedia.org/resource/Lake_Sukhodolskoye"	"Суходольское озеро"	"http://dbpedia.org/resource/Category:Lakes_of_Leningrad_Oblast"
"http://dbpedia.org/resource/Lake_Sukhodolskoye"	"Суходольское озеро"	"http://dbpedia.org/resource/Category:Neva_basin"
"http://dbpedia.org/resource/Lake_Syamozero"	"Сямозеро"	"http://dbpedia.org/resource/Category:Lakes_of_the_Republic_of_Karelia"
"http://dbpedia.org/resource/Lake_Syamozero"	"Сямозеро"	"http://dbpedia.org/resource/Category:Neva_basin"
"http://dbpedia.org/resource/Lake_Taymyr"	"Таймыр (озеро)"	"http://dbpedia.org/resource/Category:Lakes_of_Krasnoyarsk_Krai"
"http://dbpedia.org/resource/Lake_Taymyr"	"Таймыр (озеро)"	"http://dbpedia.org/resource/Category:Biosphere_reserves_of_Russia"
"http://dbpedia.org/resource/Lake_Taymyr"	"Таймыр (озеро)"	"http://dbpedia.org/resource/Category:Lakes_of_Krasnoyarsk_Krai"
"http://dbpedia.org/resource/Lake_Taymyr"	"Таймыр (озеро)"	"http://dbpedia.org/resource/Category:Biosphere_reserves_of_Russia"
"http://dbpedia.org/resource/Lake_Taymyr"	"Таймыр (озеро)"	"http://dbpedia.org/resource/Category:Lakes_of_Krasnoyarsk_Krai"
"http://dbpedia.org/resource/Lake_Taymyr"	"Таймыр (озеро)"	"http://dbpedia.org/resource/Category:Biosphere_reserves_of_Russia"
"http://dbpedia.org/resource/Lake_Teletskoye"	"Телецкое"	"http://dbpedia.org/resource/Category:Lakes_of_Altai_Republic"
"http://dbpedia.org/resource/Lake_Teletskoye"	"Телецкое"	"http://dbpedia.org/resource/Category:Ob_basin"
"http://dbpedia.org/resource/Lake_Tikshozero"	"Тикшеозеро"	"http://dbpedia.org/resource/Category:Kovda_River_basin"
"http://dbpedia.org/resource/Lake_Tikshozero"	"Тикшеозеро"	"http://dbpedia.org/resource/Category:Lakes_of_Murmansk_Oblast"
"http://dbpedia.org/resource/Lake_Tikshozero"	"Тикшеозеро"	"http://dbpedia.org/resource/Category:Lakes_of_Russia"
"http://dbpedia.org/resource/Lake_Tikshozero"	"Тикшеозеро"	"http://dbpedia.org/resource/Category:Lakes_of_the_Republic_of_Karelia"
"http://dbpedia.org/resource/Todzha_Lake"	"Тоджа"	"http://dbpedia.org/resource/Category:Lakes_of_Tuva"
"http://dbpedia.org/resource/Lake_Topozero"	"Топозеро"	"http://dbpedia.org/resource/Category:Kovda_River_basin"
"http://dbpedia.org/resource/Lake_Topozero"	"Топозеро"	"http://dbpedia.org/resource/Category:Lakes_of_the_Republic_of_Karelia"
"http://dbpedia.org/resource/Lake_Tulos"	"Тулос"	"http://dbpedia.org/resource/Category:Lakes_of_the_Republic_of_Karelia"
"http://dbpedia.org/resource/Lake_Tulos"	"Тулос"	"http://dbpedia.org/resource/Category:Neva_basin"
"http://dbpedia.org/resource/Lake_Turgoyak"	"Тургояк (озеро)"	"http://dbpedia.org/resource/Category:Lakes_of_Chelyabinsk_Oblast"
"http://dbpedia.org/resource/Uvs_Lake"	"Убсу-Нур"	"http://dbpedia.org/resource/Category:Lakes_of_Mongolia"
"http://dbpedia.org/resource/Uvs_Lake"	"Убсу-Нур"	"http://dbpedia.org/resource/Category:World_Heritage_Sites_in_Mongolia"
"http://dbpedia.org/resource/Uvs_Lake"	"Убсу-Нур"	"http://dbpedia.org/resource/Category:World_Heritage_Sites_in_Russia"
"http://dbpedia.org/resource/Uvs_Lake"	"Убсу-Нур"	"http://dbpedia.org/resource/Category:Mongolia–Russia_border"
"http://dbpedia.org/resource/Uvs_Lake"	"Убсу-Нур"	"http://dbpedia.org/resource/Category:Ramsar_sites_in_Mongolia"
"http://dbpedia.org/resource/Uvs_Lake"	"Убсу-Нур"	"http://dbpedia.org/resource/Category:Endorheic_lakes_of_Asia"
"http://dbpedia.org/resource/Uvs_Lake"	"Убсу-Нур"	"http://dbpedia.org/resource/Category:International_lakes_of_Asia"
"http://dbpedia.org/resource/Uvs_Lake"	"Убсу-Нур"	"http://dbpedia.org/resource/Category:Saline_lakes"
"http://dbpedia.org/resource/Uvs_Lake"	"Убсу-Нур"	"http://dbpedia.org/resource/Category:Lakes_of_Tuva"
"http://dbpedia.org/resource/Uvs_Lake"	"Убсу-Нур"	"http://dbpedia.org/resource/Category:Lakes_of_Mongolia"
"http://dbpedia.org/resource/Uvs_Lake"	"Убсу-Нур"	"http://dbpedia.org/resource/Category:World_Heritage_Sites_in_Mongolia"
"http://dbpedia.org/resource/Uvs_Lake"	"Убсу-Нур"	"http://dbpedia.org/resource/Category:World_Heritage_Sites_in_Russia"
"http://dbpedia.org/resource/Uvs_Lake"	"Убсу-Нур"	"http://dbpedia.org/resource/Category:Mongolia–Russia_border"
"http://dbpedia.org/resource/Uvs_Lake"	"Убсу-Нур"	"http://dbpedia.org/resource/Category:Ramsar_sites_in_Mongolia"
"http://dbpedia.org/resource/Uvs_Lake"	"Убсу-Нур"	"http://dbpedia.org/resource/Category:Endorheic_lakes_of_Asia"
"http://dbpedia.org/resource/Uvs_Lake"	"Убсу-Нур"	"http://dbpedia.org/resource/Category:International_lakes_of_Asia"
"http://dbpedia.org/resource/Uvs_Lake"	"Убсу-Нур"	"http://dbpedia.org/resource/Category:Saline_lakes"
"http://dbpedia.org/resource/Uvs_Lake"	"Убсу-Нур"	"http://dbpedia.org/resource/Category:Lakes_of_Tuva"
"http://dbpedia.org/resource/Uglich_Reservoir"	"Угличское водохранилище"	"http://dbpedia.org/resource/Category:Reservoirs_in_Russia"
"http://dbpedia.org/resource/Uglich_Reservoir"	"Угличское водохранилище"	"http://dbpedia.org/resource/Category:Lakes_of_Tver_Oblast"
"http://dbpedia.org/resource/Uglich_Reservoir"	"Угличское водохранилище"	"http://dbpedia.org/resource/Category:Lakes_of_Yaroslavl_Oblast"
"http://dbpedia.org/resource/Uglich_Reservoir"	"Угличское водохранилище"	"http://dbpedia.org/resource/Category:Reservoirs_in_Tver_Oblast"
"http://dbpedia.org/resource/Uglich_Reservoir"	"Угличское водохранилище"	"http://dbpedia.org/resource/Category:Reservoirs_in_Yaroslavl_Oblast"
"http://dbpedia.org/resource/Uglich_Reservoir"	"Угличское водохранилище"	"http://dbpedia.org/resource/Category:Reservoirs_in_Russia"
"http://dbpedia.org/resource/Uglich_Reservoir"	"Угличское водохранилище"	"http://dbpedia.org/resource/Category:Lakes_of_Tver_Oblast"
"http://dbpedia.org/resource/Uglich_Reservoir"	"Угличское водохранилище"	"http://dbpedia.org/resource/Category:Lakes_of_Yaroslavl_Oblast"
"http://dbpedia.org/resource/Uglich_Reservoir"	"Угличское водохранилище"	"http://dbpedia.org/resource/Category:Reservoirs_in_Tver_Oblast"
"http://dbpedia.org/resource/Uglich_Reservoir"	"Угличское водохранилище"	"http://dbpedia.org/resource/Category:Reservoirs_in_Yaroslavl_Oblast"
"http://dbpedia.org/resource/Lake_Udyl"	"Удыль"	"http://dbpedia.org/resource/Category:Lakes_of_Khabarovsk_Krai"
"http://dbpedia.org/resource/Lake_Udyl"	"Удыль"	"http://dbpedia.org/resource/Category:Ramsar_sites_in_Russia"
"http://dbpedia.org/resource/Lake_Udyl"	"Удыль"	"http://dbpedia.org/resource/Category:Lakes_of_Khabarovsk_Krai"
"http://dbpedia.org/resource/Lake_Udyl"	"Удыль"	"http://dbpedia.org/resource/Category:Ramsar_sites_in_Russia"
"http://dbpedia.org/resource/Lake_Umbozero"	"Умбозеро"	"http://dbpedia.org/resource/Category:Lakes_of_Murmansk_Oblast"
"http://dbpedia.org/resource/Lake_Umbozero"	"Умбозеро"	"http://dbpedia.org/resource/Category:Umba_basin"
"http://dbpedia.org/resource/Lake_Undozero"	"Ундозеро (озеро)"	"http://dbpedia.org/resource/Category:Onega_River_basin"
"http://dbpedia.org/resource/Lake_Undozero"	"Ундозеро (озеро)"	"http://dbpedia.org/resource/Category:Lakes_of_Arkhangelsk_Oblast"
"http://dbpedia.org/resource/Lake_Khanka"	"Ханка"	"http://dbpedia.org/resource/Category:Biosphere_reserves_of_China"
"http://dbpedia.org/resource/Lake_Khanka"	"Ханка"	"http://dbpedia.org/resource/Category:Lakes_of_China"
"http://dbpedia.org/resource/Lake_Khanka"	"Ханка"	"http://dbpedia.org/resource/Category:Manchuria"
"http://dbpedia.org/resource/Lake_Khanka"	"Ханка"	"http://dbpedia.org/resource/Category:Bodies_of_water_of_Heilongjiang"
"http://dbpedia.org/resource/Lake_Khanka"	"Ханка"	"http://dbpedia.org/resource/Category:Ramsar_sites_in_China"
"http://dbpedia.org/resource/Lake_Khanka"	"Ханка"	"http://dbpedia.org/resource/Category:Ramsar_sites_in_Russia"
"http://dbpedia.org/resource/Lake_Khanka"	"Ханка"	"http://dbpedia.org/resource/Category:Geography_of_the_Russian_Far_East"
"http://dbpedia.org/resource/Lake_Khanka"	"Ханка"	"http://dbpedia.org/resource/Category:International_lakes_of_Asia"
"http://dbpedia.org/resource/Lake_Khanka"	"Ханка"	"http://dbpedia.org/resource/Category:Biosphere_reserves_of_Russia"
"http://dbpedia.org/resource/Lake_Khanka"	"Ханка"	"http://dbpedia.org/resource/Category:China–Russia_border"
"http://dbpedia.org/resource/Lake_Khanka"	"Ханка"	"http://dbpedia.org/resource/Category:Lakes_of_Primorsky_Krai"
"http://dbpedia.org/resource/Lake_Khanka"	"Ханка"	"http://dbpedia.org/resource/Category:Biosphere_reserves_of_China"
"http://dbpedia.org/resource/Lake_Khanka"	"Ханка"	"http://dbpedia.org/resource/Category:Lakes_of_China"
"http://dbpedia.org/resource/Lake_Khanka"	"Ханка"	"http://dbpedia.org/resource/Category:Manchuria"
"http://dbpedia.org/resource/Lake_Khanka"	"Ханка"	"http://dbpedia.org/resource/Category:Bodies_of_water_of_Heilongjiang"
"http://dbpedia.org/resource/Lake_Khanka"	"Ханка"	"http://dbpedia.org/resource/Category:Ramsar_sites_in_China"
"http://dbpedia.org/resource/Lake_Khanka"	"Ханка"	"http://dbpedia.org/resource/Category:Ramsar_sites_in_Russia"
"http://dbpedia.org/resource/Lake_Khanka"	"Ханка"	"http://dbpedia.org/resource/Category:Geography_of_the_Russian_Far_East"
"http://dbpedia.org/resource/Lake_Khanka"	"Ханка"	"http://dbpedia.org/resource/Category:International_lakes_of_Asia"
"http://dbpedia.org/resource/Lake_Khanka"	"Ханка"	"http://dbpedia.org/resource/Category:Biosphere_reserves_of_Russia"
"http://dbpedia.org/resource/Lake_Khanka"	"Ханка"	"http://dbpedia.org/resource/Category:China–Russia_border"
"http://dbpedia.org/resource/Lake_Khanka"	"Ханка"	"http://dbpedia.org/resource/Category:Lakes_of_Primorsky_Krai"
"http://dbpedia.org/resource/Lake_Khanka"	"Ханка"	"http://dbpedia.org/resource/Category:Biosphere_reserves_of_China"
"http://dbpedia.org/resource/Lake_Khanka"	"Ханка"	"http://dbpedia.org/resource/Category:Lakes_of_China"
"http://dbpedia.org/resource/Lake_Khanka"	"Ханка"	"http://dbpedia.org/resource/Category:Manchuria"
"http://dbpedia.org/resource/Lake_Khanka"	"Ханка"	"http://dbpedia.org/resource/Category:Bodies_of_water_of_Heilongjiang"
"http://dbpedia.org/resource/Lake_Khanka"	"Ханка"	"http://dbpedia.org/resource/Category:Ramsar_sites_in_China"
"http://dbpedia.org/resource/Lake_Khanka"	"Ханка"	"http://dbpedia.org/resource/Category:Ramsar_sites_in_Russia"
"http://dbpedia.org/resource/Lake_Khanka"	"Ханка"	"http://dbpedia.org/resource/Category:Geography_of_the_Russian_Far_East"
"http://dbpedia.org/resource/Lake_Khanka"	"Ханка"	"http://dbpedia.org/resource/Category:International_lakes_of_Asia"
"http://dbpedia.org/resource/Lake_Khanka"	"Ханка"	"http://dbpedia.org/resource/Category:Biosphere_reserves_of_Russia"
"http://dbpedia.org/resource/Lake_Khanka"	"Ханка"	"http://dbpedia.org/resource/Category:China–Russia_border"
"http://dbpedia.org/resource/Lake_Khanka"	"Ханка"	"http://dbpedia.org/resource/Category:Lakes_of_Primorsky_Krai"
"http://dbpedia.org/resource/Lake_Khanka"	"Ханка"	"http://dbpedia.org/resource/Category:Biosphere_reserves_of_China"
"http://dbpedia.org/resource/Lake_Khanka"	"Ханка"	"http://dbpedia.org/resource/Category:Lakes_of_China"
"http://dbpedia.org/resource/Lake_Khanka"	"Ханка"	"http://dbpedia.org/resource/Category:Manchuria"
"http://dbpedia.org/resource/Lake_Khanka"	"Ханка"	"http://dbpedia.org/resource/Category:Bodies_of_water_of_Heilongjiang"
"http://dbpedia.org/resource/Lake_Khanka"	"Ханка"	"http://dbpedia.org/resource/Category:Ramsar_sites_in_China"
"http://dbpedia.org/resource/Lake_Khanka"	"Ханка"	"http://dbpedia.org/resource/Category:Ramsar_sites_in_Russia"
"http://dbpedia.org/resource/Lake_Khanka"	"Ханка"	"http://dbpedia.org/resource/Category:Geography_of_the_Russian_Far_East"
"http://dbpedia.org/resource/Lake_Khanka"	"Ханка"	"http://dbpedia.org/resource/Category:International_lakes_of_Asia"
"http://dbpedia.org/resource/Lake_Khanka"	"Ханка"	"http://dbpedia.org/resource/Category:Biosphere_reserves_of_Russia"
"http://dbpedia.org/resource/Lake_Khanka"	"Ханка"	"http://dbpedia.org/resource/Category:China–Russia_border"
"http://dbpedia.org/resource/Lake_Khanka"	"Ханка"	"http://dbpedia.org/resource/Category:Lakes_of_Primorsky_Krai"
"http://dbpedia.org/resource/Lake_Khantayskoye"	"Хантайское озеро"	"http://dbpedia.org/resource/Category:Lakes_of_Krasnoyarsk_Krai"
"http://dbpedia.org/resource/Khar_Lake_(Khovd)"	"Хар-Нуур (бассейн Тээла)"	"http://dbpedia.org/resource/Category:Lakes_of_Mongolia"
"http://dbpedia.org/resource/Khar_Lake_(Khovd)"	"Хар-Нуур (бассейн Тээла)"	"http://dbpedia.org/resource/Category:Lakes_of_Mongolia"
"http://dbpedia.org/resource/Khar-Us_Lake"	"Хар-Ус-Нуур (Ховд)"	"http://dbpedia.org/resource/Category:Lakes_of_Mongolia"
"http://dbpedia.org/resource/Khar-Us_Lake"	"Хар-Ус-Нуур (Ховд)"	"http://dbpedia.org/resource/Category:Ramsar_sites_in_Mongolia"
"http://dbpedia.org/resource/Khar-Us_Lake"	"Хар-Ус-Нуур (Ховд)"	"http://dbpedia.org/resource/Category:Lakes_of_Mongolia"
"http://dbpedia.org/resource/Khar-Us_Lake"	"Хар-Ус-Нуур (Ховд)"	"http://dbpedia.org/resource/Category:Ramsar_sites_in_Mongolia"
"http://dbpedia.org/resource/Lake_Khasan"	"Хасан (озеро)"	"http://dbpedia.org/resource/Category:Lakes_of_North_Korea"
"http://dbpedia.org/resource/Lake_Khasan"	"Хасан (озеро)"	"http://dbpedia.org/resource/Category:North_Korea–Russia_border"
"http://dbpedia.org/resource/Lake_Khasan"	"Хасан (озеро)"	"http://dbpedia.org/resource/Category:Lakes_of_Primorsky_Krai"
"http://dbpedia.org/resource/Tsimlyansk_Reservoir"	"Цимлянское водохранилище"	"http://dbpedia.org/resource/Category:Don_basin"
"http://dbpedia.org/resource/Tsimlyansk_Reservoir"	"Цимлянское водохранилище"	"http://dbpedia.org/resource/Category:Reservoirs_built_in_the_Soviet_Union"
"http://dbpedia.org/resource/Tsimlyansk_Reservoir"	"Цимлянское водохранилище"	"http://dbpedia.org/resource/Category:Reservoirs_in_Russia"
"http://dbpedia.org/resource/Tsimlyansk_Reservoir"	"Цимлянское водохранилище"	"http://dbpedia.org/resource/Category:Landforms_of_Volgograd_Oblast"
"http://dbpedia.org/resource/Tsimlyansk_Reservoir"	"Цимлянское водохранилище"	"http://dbpedia.org/resource/Category:Reservoirs_in_Rostov_Oblast"
"http://dbpedia.org/resource/Tsimlyansk_Reservoir"	"Цимлянское водохранилище"	"http://dbpedia.org/resource/Category:Reservoirs_in_Volgograd_Oblast"
"http://dbpedia.org/resource/Tsimlyansk_Reservoir"	"Цимлянское водохранилище"	"http://dbpedia.org/resource/Category:Landforms_of_Rostov_Oblast"
"http://dbpedia.org/resource/Lake_Chany"	"Чаны (озеро)"	"http://dbpedia.org/resource/Category:Ramsar_sites_in_Russia"
"http://dbpedia.org/resource/Lake_Chany"	"Чаны (озеро)"	"http://dbpedia.org/resource/Category:Lakes_of_Novosibirsk_Oblast"
"http://dbpedia.org/resource/Lake_Chany"	"Чаны (озеро)"	"http://dbpedia.org/resource/Category:Ramsar_sites_in_Russia"
"http://dbpedia.org/resource/Lake_Chany"	"Чаны (озеро)"	"http://dbpedia.org/resource/Category:Lakes_of_Novosibirsk_Oblast"
"http://dbpedia.org/resource/Lake_Chebarkul"	"Чебаркуль (озеро)"	"http://dbpedia.org/resource/Category:Lakes_of_Chelyabinsk_Oblast"
"http://dbpedia.org/resource/Lake_Chebarkul"	"Чебаркуль (озеро)"	"http://dbpedia.org/resource/Category:Lakes_of_Chelyabinsk_Oblast"
"http://dbpedia.org/resource/Lake_Cheybek-Kohl"	"Чейбеккёль"	"http://dbpedia.org/resource/Category:Lakes_of_Altai_Republic"
"http://dbpedia.org/resource/Lake_Cheybek-Kohl"	"Чейбеккёль"	"http://dbpedia.org/resource/Category:Lakes_of_Altai_Republic"
"http://dbpedia.org/resource/Lake_Chudzyavr"	"Чудзьявр"	"http://dbpedia.org/resource/Category:Lakes_of_Murmansk_Oblast"
"http://dbpedia.org/resource/Lake_Chudzyavr"	"Чудзьявр"	"http://dbpedia.org/resource/Category:Voronya_basin"
"http://dbpedia.org/resource/Lake_Peipus"	"Чудско-Псковское озеро"	"http://dbpedia.org/resource/Category:International_lakes_of_Europe"
"http://dbpedia.org/resource/Lake_Peipus"	"Чудско-Псковское озеро"	"http://dbpedia.org/resource/Category:Narva_River_basin"
"http://dbpedia.org/resource/Lake_Peipus"	"Чудско-Псковское озеро"	"http://dbpedia.org/resource/Category:Lakes_of_Estonia"
"http://dbpedia.org/resource/Lake_Peipus"	"Чудско-Псковское озеро"	"http://dbpedia.org/resource/Category:Lakes_of_Jõgeva_County"
"http://dbpedia.org/resource/Lake_Peipus"	"Чудско-Псковское озеро"	"http://dbpedia.org/resource/Category:Lakes_of_Pskov_Oblast"
"http://dbpedia.org/resource/Lake_Peipus"	"Чудско-Псковское озеро"	"http://dbpedia.org/resource/Category:Lakes_of_Tartu_County"
"http://dbpedia.org/resource/Lake_Peipus"	"Чудско-Псковское озеро"	"http://dbpedia.org/resource/Category:Estonia–Russia_border"
"http://dbpedia.org/resource/Lake_Peipus"	"Чудско-Псковское озеро"	"http://dbpedia.org/resource/Category:International_lakes_of_Europe"
"http://dbpedia.org/resource/Lake_Peipus"	"Чудско-Псковское озеро"	"http://dbpedia.org/resource/Category:Narva_River_basin"
"http://dbpedia.org/resource/Lake_Peipus"	"Чудско-Псковское озеро"	"http://dbpedia.org/resource/Category:Lakes_of_Estonia"
"http://dbpedia.org/resource/Lake_Peipus"	"Чудско-Псковское озеро"	"http://dbpedia.org/resource/Category:Lakes_of_Jõgeva_County"
"http://dbpedia.org/resource/Lake_Peipus"	"Чудско-Псковское озеро"	"http://dbpedia.org/resource/Category:Lakes_of_Pskov_Oblast"
"http://dbpedia.org/resource/Lake_Peipus"	"Чудско-Псковское озеро"	"http://dbpedia.org/resource/Category:Lakes_of_Tartu_County"
"http://dbpedia.org/resource/Lake_Peipus"	"Чудско-Псковское озеро"	"http://dbpedia.org/resource/Category:Estonia–Russia_border"
"http://dbpedia.org/resource/Lake_Peipus"	"Чудско-Псковское озеро"	"http://dbpedia.org/resource/Category:International_lakes_of_Europe"
"http://dbpedia.org/resource/Lake_Peipus"	"Чудско-Псковское озеро"	"http://dbpedia.org/resource/Category:Narva_River_basin"
"http://dbpedia.org/resource/Lake_Peipus"	"Чудско-Псковское озеро"	"http://dbpedia.org/resource/Category:Lakes_of_Estonia"
"http://dbpedia.org/resource/Lake_Peipus"	"Чудско-Псковское озеро"	"http://dbpedia.org/resource/Category:Lakes_of_Jõgeva_County"
"http://dbpedia.org/resource/Lake_Peipus"	"Чудско-Псковское озеро"	"http://dbpedia.org/resource/Category:Lakes_of_Pskov_Oblast"
"http://dbpedia.org/resource/Lake_Peipus"	"Чудско-Псковское озеро"	"http://dbpedia.org/resource/Category:Lakes_of_Tartu_County"
"http://dbpedia.org/resource/Lake_Peipus"	"Чудско-Псковское озеро"	"http://dbpedia.org/resource/Category:Estonia–Russia_border"
"http://dbpedia.org/resource/Lake_Chukchagirskoye"	"Чукчагирское озеро"	"http://dbpedia.org/resource/Category:Lakes_of_Khabarovsk_Krai"
"http://dbpedia.org/resource/Lake_Chusovskoye"	"Чусовское (озеро, Пермский край)"	"http://dbpedia.org/resource/Category:Lakes_of_Russia"
"http://dbpedia.org/resource/Lake_Chusovskoye"	"Чусовское (озеро, Пермский край)"	"http://dbpedia.org/resource/Category:Landforms_of_Perm_Krai"
"http://dbpedia.org/resource/Lake_Chusovskoye"	"Чусовское (озеро, Пермский край)"	"http://dbpedia.org/resource/Category:Lakes_of_Perm_Krai"
"http://dbpedia.org/resource/Lake_Chukhloma"	"Чухломское озеро"	"http://dbpedia.org/resource/Category:Lakes_of_Kostroma_Oblast"
"http://dbpedia.org/resource/Sheksna_Reservoir"	"Шекснинское водохранилище"	"http://dbpedia.org/resource/Category:Volga_basin"
"http://dbpedia.org/resource/Sheksna_Reservoir"	"Шекснинское водохранилище"	"http://dbpedia.org/resource/Category:Reservoirs_built_in_the_Soviet_Union"
"http://dbpedia.org/resource/Sheksna_Reservoir"	"Шекснинское водохранилище"	"http://dbpedia.org/resource/Category:Lakes_of_Vologda_Oblast"
"http://dbpedia.org/resource/Sheksna_Reservoir"	"Шекснинское водохранилище"	"http://dbpedia.org/resource/Category:Reservoirs_in_Russia"
"http://dbpedia.org/resource/Sheksna_Reservoir"	"Шекснинское водохранилище"	"http://dbpedia.org/resource/Category:Reservoirs_in_Vologda_Oblast"
"http://dbpedia.org/resource/Lake_Shira"	"Шира (озеро)"	"http://dbpedia.org/resource/Category:Saline_lakes"
"http://dbpedia.org/resource/Lake_Shira"	"Шира (озеро)"	"http://dbpedia.org/resource/Category:Meromictic_lakes"
"http://dbpedia.org/resource/Lake_Shira"	"Шира (озеро)"	"http://dbpedia.org/resource/Category:Lakes_of_Khakassia"
"http://dbpedia.org/resource/Lake_Shunet"	"Шунет (озеро)"	"http://dbpedia.org/resource/Category:Meromictic_lakes"
"http://dbpedia.org/resource/Lake_Shunet"	"Шунет (озеро)"	"http://dbpedia.org/resource/Category:Lakes_of_Khakassia"
"http://dbpedia.org/resource/Lake_Evoron"	"Эворон"	"http://dbpedia.org/resource/Category:Lakes_of_Khabarovsk_Krai"
"http://dbpedia.org/resource/Ekityki_Lake"	"Экитыки (озеро)"	"http://dbpedia.org/resource/Category:Lakes_of_Chukotka_Autonomous_Okrug"
"http://dbpedia.org/resource/Lake_Elton"	"Эльтон"	"http://dbpedia.org/resource/Category:Lakes_of_Russia"
"http://dbpedia.org/resource/Lake_Elton"	"Эльтон"	"http://dbpedia.org/resource/Category:Saline_lakes"
"http://dbpedia.org/resource/Lake_Elton"	"Эльтон"	"http://dbpedia.org/resource/Category:Landforms_of_Volgograd_Oblast"
"http://dbpedia.org/resource/Lake_Elton"	"Эльтон"	"http://dbpedia.org/resource/Category:Lakes_of_Volgograd_Oblast"
"http://dbpedia.org/resource/Lake_Elton"	"Эльтон"	"http://dbpedia.org/resource/Category:Endorheic_lakes_of_Europe"
"http://dbpedia.org/resource/Lake_Engozero"	"Энгозеро"	"http://dbpedia.org/resource/Category:Lakes_of_the_Republic_of_Karelia"
"http://dbpedia.org/resource/Lake_Yurkhyamyayarvi"	"Юрхямяярви"	"http://dbpedia.org/resource/Category:Kovda_River_basin"
"http://dbpedia.org/resource/Lake_Yurkhyamyayarvi"	"Юрхямяярви"	"http://dbpedia.org/resource/Category:Lakes_of_Murmansk_Oblast"
"http://dbpedia.org/resource/Lake_Yurkhyamyayarvi"	"Юрхямяярви"	"http://dbpedia.org/resource/Category:Kovda_River_basin"
"http://dbpedia.org/resource/Lake_Yurkhyamyayarvi"	"Юрхямяярви"	"http://dbpedia.org/resource/Category:Lakes_of_Murmansk_Oblast"
"http://dbpedia.org/resource/Lake_Yurkhyamyayarvi"	"Юрхямяярви"	"http://dbpedia.org/resource/Category:Kovda_River_basin"
"http://dbpedia.org/resource/Lake_Yurkhyamyayarvi"	"Юрхямяярви"	"http://dbpedia.org/resource/Category:Lakes_of_Murmansk_Oblast"
"http://dbpedia.org/resource/Lake_Yalchik"	"Яльчик"	"http://dbpedia.org/resource/Category:Lakes_of_Mari_El"
"http://dbpedia.org/resource/Lake_Yanisyarvi"	"Янисъярви"	"http://dbpedia.org/resource/Category:Lakes_of_the_Republic_of_Karelia"
"http://dbpedia.org/resource/Lake_Yanisyarvi"	"Янисъярви"	"http://dbpedia.org/resource/Category:Neva_basin"
"http://dbpedia.org/resource/Lake_Yanisyarvi"	"Янисъярви"	"http://dbpedia.org/resource/Category:Impact_craters_of_Russia"
