"http://dbpedia.org/resource/Ayon_Island"	"Айон (остров)"	"http://dbpedia.org/resource/Category:Islands_of_Chukotka_Autonomous_Okrug"
"http://dbpedia.org/resource/Ayon_Island"	"Айон (остров)"	"http://dbpedia.org/resource/Category:Islands_of_the_East_Siberian_Sea"
"http://dbpedia.org/resource/Ayon_Island"	"Айон (остров)"	"http://dbpedia.org/resource/Category:Islands_of_Chukotka_Autonomous_Okrug"
"http://dbpedia.org/resource/Ayon_Island"	"Айон (остров)"	"http://dbpedia.org/resource/Category:Islands_of_the_East_Siberian_Sea"
"http://dbpedia.org/resource/Alger_Island,_Russia"	"Алджер (остров)"	"http://dbpedia.org/resource/Category:Uninhabited_islands_of_Russia"
"http://dbpedia.org/resource/Alger_Island,_Russia"	"Алджер (остров)"	"http://dbpedia.org/resource/Category:Islands_of_Franz_Josef_Land"
"http://dbpedia.org/resource/Alger_Island,_Russia"	"Алджер (остров)"	"http://dbpedia.org/resource/Category:Uninhabited_islands_of_Russia"
"http://dbpedia.org/resource/Alger_Island,_Russia"	"Алджер (остров)"	"http://dbpedia.org/resource/Category:Islands_of_Franz_Josef_Land"
"http://dbpedia.org/resource/Aleutian_Islands"	"Алеутские острова"	"http://dbpedia.org/resource/Category:Islands_of_Alaska"
"http://dbpedia.org/resource/Aleutian_Islands"	"Алеутские острова"	"http://dbpedia.org/resource/Category:Volcanoes_of_Alaska"
"http://dbpedia.org/resource/Aleutian_Islands"	"Алеутские острова"	"http://dbpedia.org/resource/Category:Archipelagoes_of_Russia"
"http://dbpedia.org/resource/Aleutian_Islands"	"Алеутские острова"	"http://dbpedia.org/resource/Category:Aleutian_Islands"
"http://dbpedia.org/resource/Aleutian_Islands"	"Алеутские острова"	"http://dbpedia.org/resource/Category:Archipelagoes_of_the_Pacific_Ocean"
"http://dbpedia.org/resource/Aleutian_Islands"	"Алеутские острова"	"http://dbpedia.org/resource/Category:Biosphere_reserves_of_the_United_States"
"http://dbpedia.org/resource/Aleutian_Islands"	"Алеутские острова"	"http://dbpedia.org/resource/Category:Physiographic_sections"
"http://dbpedia.org/resource/Aleutian_Islands"	"Алеутские острова"	"http://dbpedia.org/resource/Category:Regions_of_Alaska"
"http://dbpedia.org/resource/Aleutian_Islands"	"Алеутские острова"	"http://dbpedia.org/resource/Category:Tundra"
"http://dbpedia.org/resource/Aleutian_Islands"	"Алеутские острова"	"http://dbpedia.org/resource/Category:Volcanic_arc_islands"
"http://dbpedia.org/resource/Aleutian_Islands"	"Алеутские острова"	"http://dbpedia.org/resource/Category:Volcanoes_of_the_Pacific_Ocean"
"http://dbpedia.org/resource/Aleutian_Islands"	"Алеутские острова"	"http://dbpedia.org/resource/Category:Archipelagoes_of_the_United_States"
"http://dbpedia.org/resource/Aleutian_Islands"	"Алеутские острова"	"http://dbpedia.org/resource/Category:Islands_of_the_Bering_Sea"
"http://dbpedia.org/resource/Aleutian_Islands"	"Алеутские острова"	"http://dbpedia.org/resource/Category:Islands_of_the_Russian_Far_East"
"http://dbpedia.org/resource/Aleutian_Islands"	"Алеутские острова"	"http://dbpedia.org/resource/Category:Islands_of_Alaska"
"http://dbpedia.org/resource/Aleutian_Islands"	"Алеутские острова"	"http://dbpedia.org/resource/Category:Volcanoes_of_Alaska"
"http://dbpedia.org/resource/Aleutian_Islands"	"Алеутские острова"	"http://dbpedia.org/resource/Category:Archipelagoes_of_Russia"
"http://dbpedia.org/resource/Aleutian_Islands"	"Алеутские острова"	"http://dbpedia.org/resource/Category:Aleutian_Islands"
"http://dbpedia.org/resource/Aleutian_Islands"	"Алеутские острова"	"http://dbpedia.org/resource/Category:Archipelagoes_of_the_Pacific_Ocean"
"http://dbpedia.org/resource/Aleutian_Islands"	"Алеутские острова"	"http://dbpedia.org/resource/Category:Biosphere_reserves_of_the_United_States"
"http://dbpedia.org/resource/Aleutian_Islands"	"Алеутские острова"	"http://dbpedia.org/resource/Category:Physiographic_sections"
"http://dbpedia.org/resource/Aleutian_Islands"	"Алеутские острова"	"http://dbpedia.org/resource/Category:Regions_of_Alaska"
"http://dbpedia.org/resource/Aleutian_Islands"	"Алеутские острова"	"http://dbpedia.org/resource/Category:Tundra"
"http://dbpedia.org/resource/Aleutian_Islands"	"Алеутские острова"	"http://dbpedia.org/resource/Category:Volcanic_arc_islands"
"http://dbpedia.org/resource/Aleutian_Islands"	"Алеутские острова"	"http://dbpedia.org/resource/Category:Volcanoes_of_the_Pacific_Ocean"
"http://dbpedia.org/resource/Aleutian_Islands"	"Алеутские острова"	"http://dbpedia.org/resource/Category:Archipelagoes_of_the_United_States"
"http://dbpedia.org/resource/Aleutian_Islands"	"Алеутские острова"	"http://dbpedia.org/resource/Category:Islands_of_the_Bering_Sea"
"http://dbpedia.org/resource/Aleutian_Islands"	"Алеутские острова"	"http://dbpedia.org/resource/Category:Islands_of_the_Russian_Far_East"
"http://dbpedia.org/resource/Nordenskiöld_Archipelago"	"Архипелаг Норденшёльда"	"http://dbpedia.org/resource/Category:Archipelagoes_of_the_Kara_Sea"
"http://dbpedia.org/resource/Nordenskiöld_Archipelago"	"Архипелаг Норденшёльда"	"http://dbpedia.org/resource/Category:Uninhabited_islands_of_Russia"
"http://dbpedia.org/resource/Nordenskiöld_Archipelago"	"Архипелаг Норденшёльда"	"http://dbpedia.org/resource/Category:Archipelagoes_of_Krasnoyarsk_Krai"
"http://dbpedia.org/resource/Nordenskiöld_Archipelago"	"Архипелаг Норденшёльда"	"http://dbpedia.org/resource/Category:Nordenskiöld_Archipelago"
"http://dbpedia.org/resource/Nordenskiöld_Archipelago"	"Архипелаг Норденшёльда"	"http://dbpedia.org/resource/Category:Archipelagoes_of_the_Arctic_Ocean"
"http://dbpedia.org/resource/Nordenskiöld_Archipelago"	"Архипелаг Норденшёльда"	"http://dbpedia.org/resource/Category:Archipelagoes_of_the_Kara_Sea"
"http://dbpedia.org/resource/Nordenskiöld_Archipelago"	"Архипелаг Норденшёльда"	"http://dbpedia.org/resource/Category:Uninhabited_islands_of_Russia"
"http://dbpedia.org/resource/Nordenskiöld_Archipelago"	"Архипелаг Норденшёльда"	"http://dbpedia.org/resource/Category:Archipelagoes_of_Krasnoyarsk_Krai"
"http://dbpedia.org/resource/Nordenskiöld_Archipelago"	"Архипелаг Норденшёльда"	"http://dbpedia.org/resource/Category:Nordenskiöld_Archipelago"
"http://dbpedia.org/resource/Nordenskiöld_Archipelago"	"Архипелаг Норденшёльда"	"http://dbpedia.org/resource/Category:Archipelagoes_of_the_Arctic_Ocean"
"http://dbpedia.org/resource/Belaya_Zemlya"	"Белая Земля"	"http://dbpedia.org/resource/Category:Islands_of_Franz_Josef_Land"
"http://dbpedia.org/resource/Belaya_Zemlya"	"Белая Земля"	"http://dbpedia.org/resource/Category:Islands_of_Franz_Josef_Land"
"http://dbpedia.org/resource/Bely_Island"	"Белый (остров, Карское море)"	"http://dbpedia.org/resource/Category:Populated_places_of_Arctic_Russia"
"http://dbpedia.org/resource/Bely_Island"	"Белый (остров, Карское море)"	"http://dbpedia.org/resource/Category:Islands_of_Tyumen_Oblast"
"http://dbpedia.org/resource/Bely_Island"	"Белый (остров, Карское море)"	"http://dbpedia.org/resource/Category:Islands_of_the_Kara_Sea"
"http://dbpedia.org/resource/Bolshaya_Muksalma"	"Большая Муксалма"	"http://dbpedia.org/resource/Category:Geography_of_Gulag"
"http://dbpedia.org/resource/Bolshaya_Muksalma"	"Большая Муксалма"	"http://dbpedia.org/resource/Category:Islands_of_the_Arctic_Ocean"
"http://dbpedia.org/resource/Bolshaya_Muksalma"	"Большая Муксалма"	"http://dbpedia.org/resource/Category:Solovetsky_Islands"
"http://dbpedia.org/resource/Bolshaya_Muksalma"	"Большая Муксалма"	"http://dbpedia.org/resource/Category:Geography_of_Gulag"
"http://dbpedia.org/resource/Bolshaya_Muksalma"	"Большая Муксалма"	"http://dbpedia.org/resource/Category:Islands_of_the_Arctic_Ocean"
"http://dbpedia.org/resource/Bolshaya_Muksalma"	"Большая Муксалма"	"http://dbpedia.org/resource/Category:Solovetsky_Islands"
"http://dbpedia.org/resource/Bolshevik_Island"	"Большевик (остров)"	"http://dbpedia.org/resource/Category:Islands_of_Severnaya_Zemlya"
"http://dbpedia.org/resource/Bolshevik_Island"	"Большевик (остров)"	"http://dbpedia.org/resource/Category:Islands_of_the_Kara_Sea"
"http://dbpedia.org/resource/Bolshevik_Island"	"Большевик (остров)"	"http://dbpedia.org/resource/Category:Islands_of_the_Laptev_Sea"
"http://dbpedia.org/resource/Bolshoy_Begichev_Island"	"Большой Бегичев"	"http://dbpedia.org/resource/Category:Islands_of_Krasnoyarsk_Krai"
"http://dbpedia.org/resource/Bolshoy_Begichev_Island"	"Большой Бегичев"	"http://dbpedia.org/resource/Category:Islands_of_the_Sakha_Republic"
"http://dbpedia.org/resource/Bolshoy_Begichev_Island"	"Большой Бегичев"	"http://dbpedia.org/resource/Category:Islands_of_the_Laptev_Sea"
"http://dbpedia.org/resource/Bolshoy_Lyakhovsky_Island"	"Большой Ляховский"	"http://dbpedia.org/resource/Category:Lyakhovsky_Islands"
"http://dbpedia.org/resource/Bolshoy_Lyakhovsky_Island"	"Большой Ляховский"	"http://dbpedia.org/resource/Category:Islands_of_the_Sakha_Republic"
"http://dbpedia.org/resource/Bolshoy_Lyakhovsky_Island"	"Большой Ляховский"	"http://dbpedia.org/resource/Category:Prehistory_of_the_Arctic"
"http://dbpedia.org/resource/Bolshoy_Lyakhovsky_Island"	"Большой Ляховский"	"http://dbpedia.org/resource/Category:New_Siberian_Islands"
"http://dbpedia.org/resource/Bolshoy_Shantar_Island"	"Большой Шантар"	"http://dbpedia.org/resource/Category:Shantar_Islands"
"http://dbpedia.org/resource/Bolshoy_Shantar_Island"	"Большой Шантар"	"http://dbpedia.org/resource/Category:Islands_of_the_Russian_Far_East"
"http://dbpedia.org/resource/Bolshoy_Shantar_Island"	"Большой Шантар"	"http://dbpedia.org/resource/Category:Islands_of_the_Sea_of_Okhotsk"
"http://dbpedia.org/resource/Bolshoy_Shantar_Island"	"Большой Шантар"	"http://dbpedia.org/resource/Category:Islands_of_Khabarovsk_Krai"
"http://dbpedia.org/resource/Bolshoy_Shantar_Island"	"Большой Шантар"	"http://dbpedia.org/resource/Category:Shantar_Islands"
"http://dbpedia.org/resource/Bolshoy_Shantar_Island"	"Большой Шантар"	"http://dbpedia.org/resource/Category:Islands_of_the_Russian_Far_East"
"http://dbpedia.org/resource/Bolshoy_Shantar_Island"	"Большой Шантар"	"http://dbpedia.org/resource/Category:Islands_of_the_Sea_of_Okhotsk"
"http://dbpedia.org/resource/Bolshoy_Shantar_Island"	"Большой Шантар"	"http://dbpedia.org/resource/Category:Islands_of_Khabarovsk_Krai"
"http://dbpedia.org/resource/Vaygach_Island"	"Вайгач"	"http://dbpedia.org/resource/Category:Islands_of_the_Barents_Sea"
"http://dbpedia.org/resource/Vaygach_Island"	"Вайгач"	"http://dbpedia.org/resource/Category:Populated_places_of_Arctic_Russia"
"http://dbpedia.org/resource/Vaygach_Island"	"Вайгач"	"http://dbpedia.org/resource/Category:Islands_of_Nenets_Autonomous_Okrug"
"http://dbpedia.org/resource/Vaygach_Island"	"Вайгач"	"http://dbpedia.org/resource/Category:Islands_of_the_Kara_Sea"
"http://dbpedia.org/resource/Valaam"	"Валаамский архипелаг"	"http://dbpedia.org/resource/Category:Lake_islands_of_Russia"
"http://dbpedia.org/resource/Valaam"	"Валаамский архипелаг"	"http://dbpedia.org/resource/Category:Archipelagoes_of_Europe"
"http://dbpedia.org/resource/Valaam"	"Валаамский архипелаг"	"http://dbpedia.org/resource/Category:World_Heritage_Site_Tentative_list"
"http://dbpedia.org/resource/Valaam"	"Валаамский архипелаг"	"http://dbpedia.org/resource/Category:Lake_islands_of_Europe"
"http://dbpedia.org/resource/Valaam"	"Валаамский архипелаг"	"http://dbpedia.org/resource/Category:Landforms_of_the_Republic_of_Karelia"
"http://dbpedia.org/resource/Valaam"	"Валаамский архипелаг"	"http://dbpedia.org/resource/Category:Lake_islands_of_Russia"
"http://dbpedia.org/resource/Valaam"	"Валаамский архипелаг"	"http://dbpedia.org/resource/Category:Archipelagoes_of_Europe"
"http://dbpedia.org/resource/Valaam"	"Валаамский архипелаг"	"http://dbpedia.org/resource/Category:World_Heritage_Site_Tentative_list"
"http://dbpedia.org/resource/Valaam"	"Валаамский архипелаг"	"http://dbpedia.org/resource/Category:Lake_islands_of_Europe"
"http://dbpedia.org/resource/Valaam"	"Валаамский архипелаг"	"http://dbpedia.org/resource/Category:Landforms_of_the_Republic_of_Karelia"
"http://dbpedia.org/resource/Vasilyevsky_Island"	"Васильевский остров"	"http://dbpedia.org/resource/Category:Islands_of_Saint_Petersburg"
"http://dbpedia.org/resource/Herald_Island_(Arctic)"	"Геральд (остров)"	"http://dbpedia.org/resource/Category:Uninhabited_islands_of_Russia"
"http://dbpedia.org/resource/Herald_Island_(Arctic)"	"Геральд (остров)"	"http://dbpedia.org/resource/Category:Islands_of_Chukotka_Autonomous_Okrug"
"http://dbpedia.org/resource/Herald_Island_(Arctic)"	"Геральд (остров)"	"http://dbpedia.org/resource/Category:Islands_of_the_Chukchi_Sea"
"http://dbpedia.org/resource/Herald_Island_(Arctic)"	"Геральд (остров)"	"http://dbpedia.org/resource/Category:Uninhabited_islands_of_Russia"
"http://dbpedia.org/resource/Herald_Island_(Arctic)"	"Геральд (остров)"	"http://dbpedia.org/resource/Category:Islands_of_Chukotka_Autonomous_Okrug"
"http://dbpedia.org/resource/Herald_Island_(Arctic)"	"Геральд (остров)"	"http://dbpedia.org/resource/Category:Islands_of_the_Chukchi_Sea"
"http://dbpedia.org/resource/Graham_Bell_Island"	"Греэм-Белл"	"http://dbpedia.org/resource/Category:Islands_of_Arkhangelsk_Oblast"
"http://dbpedia.org/resource/Graham_Bell_Island"	"Греэм-Белл"	"http://dbpedia.org/resource/Category:Alexander_Graham_Bell"
"http://dbpedia.org/resource/Graham_Bell_Island"	"Греэм-Белл"	"http://dbpedia.org/resource/Category:Islands_of_Franz_Josef_Land"
"http://dbpedia.org/resource/Dikson_Island"	"Диксон (остров)"	"http://dbpedia.org/resource/Category:Islands_of_Krasnoyarsk_Krai"
"http://dbpedia.org/resource/Dikson_Island"	"Диксон (остров)"	"http://dbpedia.org/resource/Category:Populated_places_of_Arctic_Russia"
"http://dbpedia.org/resource/Dikson_Island"	"Диксон (остров)"	"http://dbpedia.org/resource/Category:Port_cities_and_towns_in_Russia"
"http://dbpedia.org/resource/Dikson_Island"	"Диксон (остров)"	"http://dbpedia.org/resource/Category:Islands_of_the_Kara_Sea"
"http://dbpedia.org/resource/Yeva-Liv_Island"	"Ева-Лив"	"http://dbpedia.org/resource/Category:Islands_of_Franz_Josef_Land"
"http://dbpedia.org/resource/Yeva-Liv_Island"	"Ева-Лив"	"http://dbpedia.org/resource/Category:Islands_of_Franz_Josef_Land"
"http://dbpedia.org/resource/Alexandra_Land"	"Земля Александры"	"http://dbpedia.org/resource/Category:Uninhabited_islands_of_Russia"
"http://dbpedia.org/resource/Alexandra_Land"	"Земля Александры"	"http://dbpedia.org/resource/Category:Islands_of_Arkhangelsk_Oblast"
"http://dbpedia.org/resource/Alexandra_Land"	"Земля Александры"	"http://dbpedia.org/resource/Category:Islands_of_Franz_Josef_Land"
"http://dbpedia.org/resource/Alexandra_Land"	"Земля Александры"	"http://dbpedia.org/resource/Category:Uninhabited_islands_of_Russia"
"http://dbpedia.org/resource/Alexandra_Land"	"Земля Александры"	"http://dbpedia.org/resource/Category:Islands_of_Arkhangelsk_Oblast"
"http://dbpedia.org/resource/Alexandra_Land"	"Земля Александры"	"http://dbpedia.org/resource/Category:Islands_of_Franz_Josef_Land"
"http://dbpedia.org/resource/Wilczek_Land"	"Земля Вильчека"	"http://dbpedia.org/resource/Category:Islands_of_Arkhangelsk_Oblast"
"http://dbpedia.org/resource/Wilczek_Land"	"Земля Вильчека"	"http://dbpedia.org/resource/Category:Islands_of_Franz_Josef_Land"
"http://dbpedia.org/resource/Wilczek_Land"	"Земля Вильчека"	"http://dbpedia.org/resource/Category:Islands_of_Arkhangelsk_Oblast"
"http://dbpedia.org/resource/Wilczek_Land"	"Земля Вильчека"	"http://dbpedia.org/resource/Category:Islands_of_Franz_Josef_Land"
"http://dbpedia.org/resource/Franz_Josef_Land"	"Земля Франца-Иосифа"	"http://dbpedia.org/resource/Category:Archipelagoes_of_the_Kara_Sea"
"http://dbpedia.org/resource/Franz_Josef_Land"	"Земля Франца-Иосифа"	"http://dbpedia.org/resource/Category:Norway–Soviet_Union_relations"
"http://dbpedia.org/resource/Franz_Josef_Land"	"Земля Франца-Иосифа"	"http://dbpedia.org/resource/Category:Islands_of_the_Barents_Sea"
"http://dbpedia.org/resource/Franz_Josef_Land"	"Земля Франца-Иосифа"	"http://dbpedia.org/resource/Category:Archipelagoes_of_Arkhangelsk_Oblast"
"http://dbpedia.org/resource/Franz_Josef_Land"	"Земля Франца-Иосифа"	"http://dbpedia.org/resource/Category:Archipelagoes_of_the_Arctic_Ocean"
"http://dbpedia.org/resource/Franz_Josef_Land"	"Земля Франца-Иосифа"	"http://dbpedia.org/resource/Category:Franz_Josef_Land"
"http://dbpedia.org/resource/Franz_Josef_Land"	"Земля Франца-Иосифа"	"http://dbpedia.org/resource/Category:Former_Austrian_colonies"
"http://dbpedia.org/resource/Franz_Josef_Land"	"Земля Франца-Иосифа"	"http://dbpedia.org/resource/Category:Archipelagoes_of_the_Kara_Sea"
"http://dbpedia.org/resource/Franz_Josef_Land"	"Земля Франца-Иосифа"	"http://dbpedia.org/resource/Category:Norway–Soviet_Union_relations"
"http://dbpedia.org/resource/Franz_Josef_Land"	"Земля Франца-Иосифа"	"http://dbpedia.org/resource/Category:Islands_of_the_Barents_Sea"
"http://dbpedia.org/resource/Franz_Josef_Land"	"Земля Франца-Иосифа"	"http://dbpedia.org/resource/Category:Archipelagoes_of_Arkhangelsk_Oblast"
"http://dbpedia.org/resource/Franz_Josef_Land"	"Земля Франца-Иосифа"	"http://dbpedia.org/resource/Category:Archipelagoes_of_the_Arctic_Ocean"
"http://dbpedia.org/resource/Franz_Josef_Land"	"Земля Франца-Иосифа"	"http://dbpedia.org/resource/Category:Franz_Josef_Land"
"http://dbpedia.org/resource/Franz_Josef_Land"	"Земля Франца-Иосифа"	"http://dbpedia.org/resource/Category:Former_Austrian_colonies"
"http://dbpedia.org/resource/Idlidlya_Island"	"Идлидля"	"http://dbpedia.org/resource/Category:Islands_of_Chukotka_Autonomous_Okrug"
"http://dbpedia.org/resource/Idlidlya_Island"	"Идлидля"	"http://dbpedia.org/resource/Category:Islands_of_the_Chukchi_Sea"
"http://dbpedia.org/resource/Idlidlya_Island"	"Идлидля"	"http://dbpedia.org/resource/Category:Islands_of_Chukotka_Autonomous_Okrug"
"http://dbpedia.org/resource/Idlidlya_Island"	"Идлидля"	"http://dbpedia.org/resource/Category:Islands_of_the_Chukchi_Sea"
"http://dbpedia.org/resource/Karkarpko_Island"	"Каркарпко"	"http://dbpedia.org/resource/Category:Islands_of_Chukotka_Autonomous_Okrug"
"http://dbpedia.org/resource/Karkarpko_Island"	"Каркарпко"	"http://dbpedia.org/resource/Category:Islands_of_the_Chukchi_Sea"
"http://dbpedia.org/resource/Karkarpko_Island"	"Каркарпко"	"http://dbpedia.org/resource/Category:Islands_of_Chukotka_Autonomous_Okrug"
"http://dbpedia.org/resource/Karkarpko_Island"	"Каркарпко"	"http://dbpedia.org/resource/Category:Islands_of_the_Chukchi_Sea"
"http://dbpedia.org/resource/Kizhi_Island"	"Кижи (остров)"	"http://dbpedia.org/resource/Category:Lake_islands_of_Russia"
"http://dbpedia.org/resource/Kizhi_Island"	"Кижи (остров)"	"http://dbpedia.org/resource/Category:World_Heritage_Sites_in_Russia"
"http://dbpedia.org/resource/Kizhi_Island"	"Кижи (остров)"	"http://dbpedia.org/resource/Category:Lake_islands_of_Europe"
"http://dbpedia.org/resource/Kizhi_Island"	"Кижи (остров)"	"http://dbpedia.org/resource/Category:Landforms_of_the_Republic_of_Karelia"
"http://dbpedia.org/resource/Kizhi_Island"	"Кижи (остров)"	"http://dbpedia.org/resource/Category:Lake_islands_of_Russia"
"http://dbpedia.org/resource/Kizhi_Island"	"Кижи (остров)"	"http://dbpedia.org/resource/Category:World_Heritage_Sites_in_Russia"
"http://dbpedia.org/resource/Kizhi_Island"	"Кижи (остров)"	"http://dbpedia.org/resource/Category:Lake_islands_of_Europe"
"http://dbpedia.org/resource/Kizhi_Island"	"Кижи (остров)"	"http://dbpedia.org/resource/Category:Landforms_of_the_Republic_of_Karelia"
"http://dbpedia.org/resource/Kizhi_Island"	"Кижи (остров)"	"http://dbpedia.org/resource/Category:Lake_islands_of_Russia"
"http://dbpedia.org/resource/Kizhi_Island"	"Кижи (остров)"	"http://dbpedia.org/resource/Category:World_Heritage_Sites_in_Russia"
"http://dbpedia.org/resource/Kizhi_Island"	"Кижи (остров)"	"http://dbpedia.org/resource/Category:Lake_islands_of_Europe"
"http://dbpedia.org/resource/Kizhi_Island"	"Кижи (остров)"	"http://dbpedia.org/resource/Category:Landforms_of_the_Republic_of_Karelia"
"http://dbpedia.org/resource/Koiluoto"	"Койлуото"	"http://dbpedia.org/resource/Category:Uninhabited_islands_of_Finland"
"http://dbpedia.org/resource/Koiluoto"	"Койлуото"	"http://dbpedia.org/resource/Category:Uninhabited_islands_of_Russia"
"http://dbpedia.org/resource/Koiluoto"	"Койлуото"	"http://dbpedia.org/resource/Category:Finland–Russia_border"
"http://dbpedia.org/resource/Koiluoto"	"Койлуото"	"http://dbpedia.org/resource/Category:International_islands"
"http://dbpedia.org/resource/Kolguyev_Island"	"Колгуев"	"http://dbpedia.org/resource/Category:Islands_of_Arkhangelsk_Oblast"
"http://dbpedia.org/resource/Kolguyev_Island"	"Колгуев"	"http://dbpedia.org/resource/Category:Islands_of_the_Barents_Sea"
"http://dbpedia.org/resource/Kolguyev_Island"	"Колгуев"	"http://dbpedia.org/resource/Category:Islands_of_Nenets_Autonomous_Okrug"
"http://dbpedia.org/resource/Kolyuchin_Island"	"Колючин"	"http://dbpedia.org/resource/Category:Islands_of_Chukotka_Autonomous_Okrug"
"http://dbpedia.org/resource/Kolyuchin_Island"	"Колючин"	"http://dbpedia.org/resource/Category:Islands_of_the_Chukchi_Sea"
"http://dbpedia.org/resource/Kolyuchin_Island"	"Колючин"	"http://dbpedia.org/resource/Category:Islands_of_Chukotka_Autonomous_Okrug"
"http://dbpedia.org/resource/Kolyuchin_Island"	"Колючин"	"http://dbpedia.org/resource/Category:Islands_of_the_Chukchi_Sea"
"http://dbpedia.org/resource/Komsomolets_Island"	"Комсомолец (остров)"	"http://dbpedia.org/resource/Category:Islands_of_Severnaya_Zemlya"
"http://dbpedia.org/resource/Komsomolets_Island"	"Комсомолец (остров)"	"http://dbpedia.org/resource/Category:Komsomol"
"http://dbpedia.org/resource/Komsomolets_Island"	"Комсомолец (остров)"	"http://dbpedia.org/resource/Category:Islands_of_the_Kara_Sea"
"http://dbpedia.org/resource/Komsomolets_Island"	"Комсомолец (остров)"	"http://dbpedia.org/resource/Category:Islands_of_the_Laptev_Sea"
"http://dbpedia.org/resource/Kosa_Dvukh_Pilotov_Island"	"Коса Двух Пилотов"	"http://dbpedia.org/resource/Category:Spits_of_Russia"
"http://dbpedia.org/resource/Kosa_Dvukh_Pilotov_Island"	"Коса Двух Пилотов"	"http://dbpedia.org/resource/Category:Islands_of_Chukotka_Autonomous_Okrug"
"http://dbpedia.org/resource/Kosa_Dvukh_Pilotov_Island"	"Коса Двух Пилотов"	"http://dbpedia.org/resource/Category:Landforms_of_Chukotka_Autonomous_Okrug"
"http://dbpedia.org/resource/Kosa_Dvukh_Pilotov_Island"	"Коса Двух Пилотов"	"http://dbpedia.org/resource/Category:Islands_of_the_Chukchi_Sea"
"http://dbpedia.org/resource/Kosa_Dvukh_Pilotov_Island"	"Коса Двух Пилотов"	"http://dbpedia.org/resource/Category:Spits_of_Russia"
"http://dbpedia.org/resource/Kosa_Dvukh_Pilotov_Island"	"Коса Двух Пилотов"	"http://dbpedia.org/resource/Category:Islands_of_Chukotka_Autonomous_Okrug"
"http://dbpedia.org/resource/Kosa_Dvukh_Pilotov_Island"	"Коса Двух Пилотов"	"http://dbpedia.org/resource/Category:Landforms_of_Chukotka_Autonomous_Okrug"
"http://dbpedia.org/resource/Kosa_Dvukh_Pilotov_Island"	"Коса Двух Пилотов"	"http://dbpedia.org/resource/Category:Islands_of_the_Chukchi_Sea"
"http://dbpedia.org/resource/Kotelny_Island"	"Котельный"	"http://dbpedia.org/resource/Category:Anzhu_Islands"
"http://dbpedia.org/resource/Kotelny_Island"	"Котельный"	"http://dbpedia.org/resource/Category:Islands_of_the_Sakha_Republic"
"http://dbpedia.org/resource/Kotelny_Island"	"Котельный"	"http://dbpedia.org/resource/Category:Russian_and_Soviet_Navy_bases"
"http://dbpedia.org/resource/Kotelny_Island"	"Котельный"	"http://dbpedia.org/resource/Category:New_Siberian_Islands"
"http://dbpedia.org/resource/Crimea"	"Крым"	"http://dbpedia.org/resource/Category:Crimea"
"http://dbpedia.org/resource/Crimea"	"Крым"	"http://dbpedia.org/resource/Category:Peninsulas_of_Ukraine"
"http://dbpedia.org/resource/Crimea"	"Крым"	"http://dbpedia.org/resource/Category:Peninsulas_of_Europe"
"http://dbpedia.org/resource/Crimea"	"Крым"	"http://dbpedia.org/resource/Category:Russian-speaking_countries_and_territories"
"http://dbpedia.org/resource/Crimea"	"Крым"	"http://dbpedia.org/resource/Category:Ukrainian-speaking_countries_and_territories"
"http://dbpedia.org/resource/Crimea"	"Крым"	"http://dbpedia.org/resource/Category:Territorial_disputes_of_Russia"
"http://dbpedia.org/resource/Crimea"	"Крым"	"http://dbpedia.org/resource/Category:Territorial_disputes_of_Ukraine"
"http://dbpedia.org/resource/Crimea"	"Крым"	"http://dbpedia.org/resource/Category:Crimean_Tatar_communities_and_territories"
"http://dbpedia.org/resource/La_Ronciere_Island"	"Ла-Ронсьер"	"http://dbpedia.org/resource/Category:Uninhabited_islands_of_Russia"
"http://dbpedia.org/resource/La_Ronciere_Island"	"Ла-Ронсьер"	"http://dbpedia.org/resource/Category:Islands_of_Franz_Josef_Land"
"http://dbpedia.org/resource/La_Ronciere_Island"	"Ла-Ронсьер"	"http://dbpedia.org/resource/Category:Uninhabited_islands_of_Russia"
"http://dbpedia.org/resource/La_Ronciere_Island"	"Ла-Ронсьер"	"http://dbpedia.org/resource/Category:Islands_of_Franz_Josef_Land"
"http://dbpedia.org/resource/Maly_Taymyr_Island"	"Малый Таймыр"	"http://dbpedia.org/resource/Category:Islands_of_Severnaya_Zemlya"
"http://dbpedia.org/resource/Maly_Taymyr_Island"	"Малый Таймыр"	"http://dbpedia.org/resource/Category:Islands_of_the_Laptev_Sea"
"http://dbpedia.org/resource/Maly_Taymyr_Island"	"Малый Таймыр"	"http://dbpedia.org/resource/Category:Islands_of_Severnaya_Zemlya"
"http://dbpedia.org/resource/Maly_Taymyr_Island"	"Малый Таймыр"	"http://dbpedia.org/resource/Category:Islands_of_the_Laptev_Sea"
"http://dbpedia.org/resource/New_Siberia"	"Новая Сибирь"	"http://dbpedia.org/resource/Category:Anzhu_Islands"
"http://dbpedia.org/resource/New_Siberia"	"Новая Сибирь"	"http://dbpedia.org/resource/Category:Islands_of_the_Sakha_Republic"
"http://dbpedia.org/resource/New_Siberia"	"Новая Сибирь"	"http://dbpedia.org/resource/Category:New_Siberian_Islands"
"http://dbpedia.org/resource/Adelaide_Island_(Russia)"	"Остров Аделаиды"	"http://dbpedia.org/resource/Category:Islands_of_Franz_Josef_Land"
"http://dbpedia.org/resource/Adelaide_Island_(Russia)"	"Остров Аделаиды"	"http://dbpedia.org/resource/Category:Islands_of_Franz_Josef_Land"
"http://dbpedia.org/resource/Arthur_Island"	"Остров Артура"	"http://dbpedia.org/resource/Category:Islands_of_Franz_Josef_Land"
"http://dbpedia.org/resource/Arthur_Island"	"Остров Артура"	"http://dbpedia.org/resource/Category:Islands_of_Franz_Josef_Land"
"http://dbpedia.org/resource/Becker_Island"	"Остров Беккера"	"http://dbpedia.org/resource/Category:Uninhabited_islands_of_Russia"
"http://dbpedia.org/resource/Becker_Island"	"Остров Беккера"	"http://dbpedia.org/resource/Category:Islands_of_Franz_Josef_Land"
"http://dbpedia.org/resource/Becker_Island"	"Остров Беккера"	"http://dbpedia.org/resource/Category:Uninhabited_islands_of_Russia"
"http://dbpedia.org/resource/Becker_Island"	"Остров Беккера"	"http://dbpedia.org/resource/Category:Islands_of_Franz_Josef_Land"
"http://dbpedia.org/resource/Wrangel_Island"	"Остров Врангеля"	"http://dbpedia.org/resource/Category:Uninhabited_islands_of_Russia"
"http://dbpedia.org/resource/Wrangel_Island"	"Остров Врангеля"	"http://dbpedia.org/resource/Category:Islands_of_Chukotka_Autonomous_Okrug"
"http://dbpedia.org/resource/Wrangel_Island"	"Остров Врангеля"	"http://dbpedia.org/resource/Category:World_Heritage_Sites_in_Russia"
"http://dbpedia.org/resource/Wrangel_Island"	"Остров Врангеля"	"http://dbpedia.org/resource/Category:Islands_of_the_Chukchi_Sea"
"http://dbpedia.org/resource/Wrangel_Island"	"Остров Врангеля"	"http://dbpedia.org/resource/Category:Islands_of_the_East_Siberian_Sea"
"http://dbpedia.org/resource/Wrangel_Island"	"Остров Врангеля"	"http://dbpedia.org/resource/Category:Uninhabited_islands_of_Russia"
"http://dbpedia.org/resource/Wrangel_Island"	"Остров Врангеля"	"http://dbpedia.org/resource/Category:Islands_of_Chukotka_Autonomous_Okrug"
"http://dbpedia.org/resource/Wrangel_Island"	"Остров Врангеля"	"http://dbpedia.org/resource/Category:World_Heritage_Sites_in_Russia"
"http://dbpedia.org/resource/Wrangel_Island"	"Остров Врангеля"	"http://dbpedia.org/resource/Category:Islands_of_the_Chukchi_Sea"
"http://dbpedia.org/resource/Wrangel_Island"	"Остров Врангеля"	"http://dbpedia.org/resource/Category:Islands_of_the_East_Siberian_Sea"
"http://dbpedia.org/resource/Hall_Island_(Arctic)"	"Остров Галля"	"http://dbpedia.org/resource/Category:Islands_of_Arkhangelsk_Oblast"
"http://dbpedia.org/resource/Hall_Island_(Arctic)"	"Остров Галля"	"http://dbpedia.org/resource/Category:Islands_of_Franz_Josef_Land"
"http://dbpedia.org/resource/Hall_Island_(Arctic)"	"Остров Галля"	"http://dbpedia.org/resource/Category:Islands_of_Arkhangelsk_Oblast"
"http://dbpedia.org/resource/Hall_Island_(Arctic)"	"Остров Галля"	"http://dbpedia.org/resource/Category:Islands_of_Franz_Josef_Land"
"http://dbpedia.org/resource/Greely_Island"	"Остров Грили"	"http://dbpedia.org/resource/Category:Uninhabited_islands_of_Russia"
"http://dbpedia.org/resource/Greely_Island"	"Остров Грили"	"http://dbpedia.org/resource/Category:Islands_of_Franz_Josef_Land"
"http://dbpedia.org/resource/Greely_Island"	"Остров Грили"	"http://dbpedia.org/resource/Category:Uninhabited_islands_of_Russia"
"http://dbpedia.org/resource/Greely_Island"	"Остров Грили"	"http://dbpedia.org/resource/Category:Islands_of_Franz_Josef_Land"
"http://dbpedia.org/resource/Jackson_Island"	"Остров Джексона"	"http://dbpedia.org/resource/Category:Uninhabited_islands_of_Russia"
"http://dbpedia.org/resource/Jackson_Island"	"Остров Джексона"	"http://dbpedia.org/resource/Category:Islands_of_Franz_Josef_Land"
"http://dbpedia.org/resource/Jackson_Island"	"Остров Джексона"	"http://dbpedia.org/resource/Category:Uninhabited_islands_of_Russia"
"http://dbpedia.org/resource/Jackson_Island"	"Остров Джексона"	"http://dbpedia.org/resource/Category:Islands_of_Franz_Josef_Land"
"http://dbpedia.org/resource/Karl-Alexander_Island"	"Остров Карла-Александра"	"http://dbpedia.org/resource/Category:Uninhabited_islands_of_Russia"
"http://dbpedia.org/resource/Karl-Alexander_Island"	"Остров Карла-Александра"	"http://dbpedia.org/resource/Category:Islands_of_Franz_Josef_Land"
"http://dbpedia.org/resource/Karl-Alexander_Island"	"Остров Карла-Александра"	"http://dbpedia.org/resource/Category:Uninhabited_islands_of_Russia"
"http://dbpedia.org/resource/Karl-Alexander_Island"	"Остров Карла-Александра"	"http://dbpedia.org/resource/Category:Islands_of_Franz_Josef_Land"
"http://dbpedia.org/resource/Querini_Island"	"Остров Кверини"	"http://dbpedia.org/resource/Category:Uninhabited_islands_of_Russia"
"http://dbpedia.org/resource/Querini_Island"	"Остров Кверини"	"http://dbpedia.org/resource/Category:Islands_of_Franz_Josef_Land"
"http://dbpedia.org/resource/Querini_Island"	"Остров Кверини"	"http://dbpedia.org/resource/Category:Uninhabited_islands_of_Russia"
"http://dbpedia.org/resource/Querini_Island"	"Остров Кверини"	"http://dbpedia.org/resource/Category:Islands_of_Franz_Josef_Land"
"http://dbpedia.org/resource/MacKlintok_Island"	"Остров Мак-Клинтока"	"http://dbpedia.org/resource/Category:Uninhabited_islands_of_Russia"
"http://dbpedia.org/resource/MacKlintok_Island"	"Остров Мак-Клинтока"	"http://dbpedia.org/resource/Category:Islands_of_Franz_Josef_Land"
"http://dbpedia.org/resource/MacKlintok_Island"	"Остров Мак-Клинтока"	"http://dbpedia.org/resource/Category:Uninhabited_islands_of_Russia"
"http://dbpedia.org/resource/MacKlintok_Island"	"Остров Мак-Клинтока"	"http://dbpedia.org/resource/Category:Islands_of_Franz_Josef_Land"
"http://dbpedia.org/resource/Nansena_Island_(Franz_Josef_Land)"	"Остров Нансена (Земля Франца-Иосифа)"	"http://dbpedia.org/resource/Category:Uninhabited_islands_of_Russia"
"http://dbpedia.org/resource/Nansena_Island_(Franz_Josef_Land)"	"Остров Нансена (Земля Франца-Иосифа)"	"http://dbpedia.org/resource/Category:Islands_of_Franz_Josef_Land"
"http://dbpedia.org/resource/Nansena_Island_(Franz_Josef_Land)"	"Остров Нансена (Земля Франца-Иосифа)"	"http://dbpedia.org/resource/Category:Uninhabited_islands_of_Russia"
"http://dbpedia.org/resource/Nansena_Island_(Franz_Josef_Land)"	"Остров Нансена (Земля Франца-Иосифа)"	"http://dbpedia.org/resource/Category:Islands_of_Franz_Josef_Land"
"http://dbpedia.org/resource/Nansen_Island_(Kara_Sea)"	"Остров Нансена (архипелаг Норденшельда)"	"http://dbpedia.org/resource/Category:Islands_of_Krasnoyarsk_Krai"
"http://dbpedia.org/resource/Nansen_Island_(Kara_Sea)"	"Остров Нансена (архипелаг Норденшельда)"	"http://dbpedia.org/resource/Category:Populated_places_of_Arctic_Russia"
"http://dbpedia.org/resource/Nansen_Island_(Kara_Sea)"	"Остров Нансена (архипелаг Норденшельда)"	"http://dbpedia.org/resource/Category:Islands_of_the_Kara_Sea"
"http://dbpedia.org/resource/Nansen_Island_(Kara_Sea)"	"Остров Нансена (архипелаг Норденшельда)"	"http://dbpedia.org/resource/Category:Islands_of_Krasnoyarsk_Krai"
"http://dbpedia.org/resource/Nansen_Island_(Kara_Sea)"	"Остров Нансена (архипелаг Норденшельда)"	"http://dbpedia.org/resource/Category:Populated_places_of_Arctic_Russia"
"http://dbpedia.org/resource/Nansen_Island_(Kara_Sea)"	"Остров Нансена (архипелаг Норденшельда)"	"http://dbpedia.org/resource/Category:Islands_of_the_Kara_Sea"
"http://dbpedia.org/resource/October_Revolution_Island"	"Остров Октябрьской Революции"	"http://dbpedia.org/resource/Category:Islands_of_Severnaya_Zemlya"
"http://dbpedia.org/resource/October_Revolution_Island"	"Остров Октябрьской Революции"	"http://dbpedia.org/resource/Category:Islands_of_the_Kara_Sea"
"http://dbpedia.org/resource/October_Revolution_Island"	"Остров Октябрьской Революции"	"http://dbpedia.org/resource/Category:Islands_of_Severnaya_Zemlya"
"http://dbpedia.org/resource/October_Revolution_Island"	"Остров Октябрьской Революции"	"http://dbpedia.org/resource/Category:Islands_of_the_Kara_Sea"
"http://dbpedia.org/resource/Rainer_Island"	"Остров Райнера"	"http://dbpedia.org/resource/Category:Uninhabited_islands_of_Russia"
"http://dbpedia.org/resource/Rainer_Island"	"Остров Райнера"	"http://dbpedia.org/resource/Category:Islands_of_Franz_Josef_Land"
"http://dbpedia.org/resource/Rainer_Island"	"Остров Райнера"	"http://dbpedia.org/resource/Category:Uninhabited_islands_of_Russia"
"http://dbpedia.org/resource/Rainer_Island"	"Остров Райнера"	"http://dbpedia.org/resource/Category:Islands_of_Franz_Josef_Land"
"http://dbpedia.org/resource/Big_Diomede"	"Остров Ратманова"	"http://dbpedia.org/resource/Category:Islands_of_Chukotka_Autonomous_Okrug"
"http://dbpedia.org/resource/Big_Diomede"	"Остров Ратманова"	"http://dbpedia.org/resource/Category:Former_populated_places_in_Russia"
"http://dbpedia.org/resource/Big_Diomede"	"Остров Ратманова"	"http://dbpedia.org/resource/Category:Islands_of_the_Bering_Sea"
"http://dbpedia.org/resource/Big_Diomede"	"Остров Ратманова"	"http://dbpedia.org/resource/Category:Populated_places_of_Arctic_Russia"
"http://dbpedia.org/resource/Big_Diomede"	"Остров Ратманова"	"http://dbpedia.org/resource/Category:Islands_of_the_Chukchi_Sea"
"http://dbpedia.org/resource/Furugelm_Island"	"Остров Фуругельма"	"http://dbpedia.org/resource/Category:Uninhabited_islands_of_Russia"
"http://dbpedia.org/resource/Furugelm_Island"	"Остров Фуругельма"	"http://dbpedia.org/resource/Category:Islands_of_the_Russian_Far_East"
"http://dbpedia.org/resource/Furugelm_Island"	"Остров Фуругельма"	"http://dbpedia.org/resource/Category:Islands_of_Primorsky_Krai"
"http://dbpedia.org/resource/Furugelm_Island"	"Остров Фуругельма"	"http://dbpedia.org/resource/Category:Islands_of_the_Sea_of_Japan"
"http://dbpedia.org/resource/Heiss_Island"	"Остров Хейса"	"http://dbpedia.org/resource/Category:Islands_of_Franz_Josef_Land"
"http://dbpedia.org/resource/Heiss_Island"	"Остров Хейса"	"http://dbpedia.org/resource/Category:Islands_of_Franz_Josef_Land"
"http://dbpedia.org/resource/Ziegler_Island"	"Остров Циглера"	"http://dbpedia.org/resource/Category:Uninhabited_islands_of_Russia"
"http://dbpedia.org/resource/Ziegler_Island"	"Остров Циглера"	"http://dbpedia.org/resource/Category:Islands_of_Franz_Josef_Land"
"http://dbpedia.org/resource/Ziegler_Island"	"Остров Циглера"	"http://dbpedia.org/resource/Category:Uninhabited_islands_of_Russia"
"http://dbpedia.org/resource/Ziegler_Island"	"Остров Циглера"	"http://dbpedia.org/resource/Category:Islands_of_Franz_Josef_Land"
"http://dbpedia.org/resource/Schmidt_Island"	"Остров Шмидта"	"http://dbpedia.org/resource/Category:Islands_of_Severnaya_Zemlya"
"http://dbpedia.org/resource/Schmidt_Island"	"Остров Шмидта"	"http://dbpedia.org/resource/Category:Islands_of_the_Kara_Sea"
"http://dbpedia.org/resource/Schmidt_Island"	"Остров Шмидта"	"http://dbpedia.org/resource/Category:Islands_of_Severnaya_Zemlya"
"http://dbpedia.org/resource/Schmidt_Island"	"Остров Шмидта"	"http://dbpedia.org/resource/Category:Islands_of_the_Kara_Sea"
"http://dbpedia.org/resource/Arkticheskiy_Institut_Islands"	"Острова Арктического института"	"http://dbpedia.org/resource/Category:Islands_of_Krasnoyarsk_Krai"
"http://dbpedia.org/resource/Arkticheskiy_Institut_Islands"	"Острова Арктического института"	"http://dbpedia.org/resource/Category:Archipelagoes_of_the_Kara_Sea"
"http://dbpedia.org/resource/Arkticheskiy_Institut_Islands"	"Острова Арктического института"	"http://dbpedia.org/resource/Category:Islands_of_Krasnoyarsk_Krai"
"http://dbpedia.org/resource/Arkticheskiy_Institut_Islands"	"Острова Арктического института"	"http://dbpedia.org/resource/Category:Archipelagoes_of_the_Kara_Sea"
"http://dbpedia.org/resource/Heiberg_Islands"	"Острова Гейберга"	"http://dbpedia.org/resource/Category:Islands_of_Krasnoyarsk_Krai"
"http://dbpedia.org/resource/Heiberg_Islands"	"Острова Гейберга"	"http://dbpedia.org/resource/Category:Islands_of_the_Kara_Sea"
"http://dbpedia.org/resource/Heiberg_Islands"	"Острова Гейберга"	"http://dbpedia.org/resource/Category:Islands_of_Krasnoyarsk_Krai"
"http://dbpedia.org/resource/Heiberg_Islands"	"Острова Гейберга"	"http://dbpedia.org/resource/Category:Islands_of_the_Kara_Sea"
"http://dbpedia.org/resource/Diomede_Islands"	"Острова Диомида"	"http://dbpedia.org/resource/Category:Islands_of_Chukotka_Autonomous_Okrug"
"http://dbpedia.org/resource/Diomede_Islands"	"Острова Диомида"	"http://dbpedia.org/resource/Category:Islands_of_Alaska"
"http://dbpedia.org/resource/Diomede_Islands"	"Острова Диомида"	"http://dbpedia.org/resource/Category:World_Digital_Library_related"
"http://dbpedia.org/resource/Diomede_Islands"	"Острова Диомида"	"http://dbpedia.org/resource/Category:Islands_of_the_Bering_Sea"
"http://dbpedia.org/resource/Diomede_Islands"	"Острова Диомида"	"http://dbpedia.org/resource/Category:Islands_of_the_Chukchi_Sea"
"http://dbpedia.org/resource/Diomede_Islands"	"Острова Диомида"	"http://dbpedia.org/resource/Category:Landforms_of_Nome_Census_Area,_Alaska"
"http://dbpedia.org/resource/Zichy_Land"	"Острова Зичи"	"http://dbpedia.org/resource/Category:Archipelagoes_of_Arkhangelsk_Oblast"
"http://dbpedia.org/resource/Zichy_Land"	"Острова Зичи"	"http://dbpedia.org/resource/Category:Archipelagoes_of_the_Arctic_Ocean"
"http://dbpedia.org/resource/Zichy_Land"	"Острова Зичи"	"http://dbpedia.org/resource/Category:Zichy_family"
"http://dbpedia.org/resource/Zichy_Land"	"Острова Зичи"	"http://dbpedia.org/resource/Category:Islands_of_Franz_Josef_Land"
"http://dbpedia.org/resource/Zichy_Land"	"Острова Зичи"	"http://dbpedia.org/resource/Category:Archipelagoes_of_Arkhangelsk_Oblast"
"http://dbpedia.org/resource/Zichy_Land"	"Острова Зичи"	"http://dbpedia.org/resource/Category:Archipelagoes_of_the_Arctic_Ocean"
"http://dbpedia.org/resource/Zichy_Land"	"Острова Зичи"	"http://dbpedia.org/resource/Category:Zichy_family"
"http://dbpedia.org/resource/Zichy_Land"	"Острова Зичи"	"http://dbpedia.org/resource/Category:Islands_of_Franz_Josef_Land"
"http://dbpedia.org/resource/Serykh_Gusey_Islands"	"Острова Серых Гусей"	"http://dbpedia.org/resource/Category:Islands_of_Chukotka_Autonomous_Okrug"
"http://dbpedia.org/resource/Serykh_Gusey_Islands"	"Острова Серых Гусей"	"http://dbpedia.org/resource/Category:Islands_of_the_Chukchi_Sea"
"http://dbpedia.org/resource/Serykh_Gusey_Islands"	"Острова Серых Гусей"	"http://dbpedia.org/resource/Category:Islands_of_Chukotka_Autonomous_Okrug"
"http://dbpedia.org/resource/Serykh_Gusey_Islands"	"Острова Серых Гусей"	"http://dbpedia.org/resource/Category:Islands_of_the_Chukchi_Sea"
"http://dbpedia.org/resource/Pioneer_Island_(Russia)"	"Пионер (остров)"	"http://dbpedia.org/resource/Category:Islands_of_Severnaya_Zemlya"
"http://dbpedia.org/resource/Pioneer_Island_(Russia)"	"Пионер (остров)"	"http://dbpedia.org/resource/Category:Islands_of_the_Kara_Sea"
"http://dbpedia.org/resource/Pioneer_Island_(Russia)"	"Пионер (остров)"	"http://dbpedia.org/resource/Category:Islands_of_Severnaya_Zemlya"
"http://dbpedia.org/resource/Pioneer_Island_(Russia)"	"Пионер (остров)"	"http://dbpedia.org/resource/Category:Islands_of_the_Kara_Sea"
"http://dbpedia.org/resource/Sakhalin"	"Сахалин"	"http://dbpedia.org/resource/Category:Geography_of_Northeast_Asia"
"http://dbpedia.org/resource/Sakhalin"	"Сахалин"	"http://dbpedia.org/resource/Category:Physiographic_provinces"
"http://dbpedia.org/resource/Sakhalin"	"Сахалин"	"http://dbpedia.org/resource/Category:Ainu_geography"
"http://dbpedia.org/resource/Sakhalin"	"Сахалин"	"http://dbpedia.org/resource/Category:Islands_of_Sakhalin_Oblast"
"http://dbpedia.org/resource/Sakhalin"	"Сахалин"	"http://dbpedia.org/resource/Category:Islands_of_the_Pacific_Ocean"
"http://dbpedia.org/resource/Sakhalin"	"Сахалин"	"http://dbpedia.org/resource/Category:Islands_of_the_Russian_Far_East"
"http://dbpedia.org/resource/Sakhalin"	"Сахалин"	"http://dbpedia.org/resource/Category:Islands_of_the_Sea_of_Okhotsk"
"http://dbpedia.org/resource/Sakhalin"	"Сахалин"	"http://dbpedia.org/resource/Category:Sakhalin"
"http://dbpedia.org/resource/Sakhalin"	"Сахалин"	"http://dbpedia.org/resource/Category:Geography_of_Northeast_Asia"
"http://dbpedia.org/resource/Sakhalin"	"Сахалин"	"http://dbpedia.org/resource/Category:Physiographic_provinces"
"http://dbpedia.org/resource/Sakhalin"	"Сахалин"	"http://dbpedia.org/resource/Category:Ainu_geography"
"http://dbpedia.org/resource/Sakhalin"	"Сахалин"	"http://dbpedia.org/resource/Category:Islands_of_Sakhalin_Oblast"
"http://dbpedia.org/resource/Sakhalin"	"Сахалин"	"http://dbpedia.org/resource/Category:Islands_of_the_Pacific_Ocean"
"http://dbpedia.org/resource/Sakhalin"	"Сахалин"	"http://dbpedia.org/resource/Category:Islands_of_the_Russian_Far_East"
"http://dbpedia.org/resource/Sakhalin"	"Сахалин"	"http://dbpedia.org/resource/Category:Islands_of_the_Sea_of_Okhotsk"
"http://dbpedia.org/resource/Sakhalin"	"Сахалин"	"http://dbpedia.org/resource/Category:Sakhalin"
"http://dbpedia.org/resource/Severnaya_Zemlya"	"Северная Земля"	"http://dbpedia.org/resource/Category:Archipelagoes_of_the_Kara_Sea"
"http://dbpedia.org/resource/Severnaya_Zemlya"	"Северная Земля"	"http://dbpedia.org/resource/Category:Archipelagoes_of_the_Laptev_Sea"
"http://dbpedia.org/resource/Severnaya_Zemlya"	"Северная Земля"	"http://dbpedia.org/resource/Category:Islands_of_Siberia"
"http://dbpedia.org/resource/Severnaya_Zemlya"	"Северная Земля"	"http://dbpedia.org/resource/Category:Uninhabited_islands_of_Russia"
"http://dbpedia.org/resource/Severnaya_Zemlya"	"Северная Земля"	"http://dbpedia.org/resource/Category:Archipelagoes_of_Krasnoyarsk_Krai"
"http://dbpedia.org/resource/Severnaya_Zemlya"	"Северная Земля"	"http://dbpedia.org/resource/Category:Severnaya_Zemlya"
"http://dbpedia.org/resource/Severnaya_Zemlya"	"Северная Земля"	"http://dbpedia.org/resource/Category:Archipelagoes_of_the_Kara_Sea"
"http://dbpedia.org/resource/Severnaya_Zemlya"	"Северная Земля"	"http://dbpedia.org/resource/Category:Archipelagoes_of_the_Laptev_Sea"
"http://dbpedia.org/resource/Severnaya_Zemlya"	"Северная Земля"	"http://dbpedia.org/resource/Category:Islands_of_Siberia"
"http://dbpedia.org/resource/Severnaya_Zemlya"	"Северная Земля"	"http://dbpedia.org/resource/Category:Uninhabited_islands_of_Russia"
"http://dbpedia.org/resource/Severnaya_Zemlya"	"Северная Земля"	"http://dbpedia.org/resource/Category:Archipelagoes_of_Krasnoyarsk_Krai"
"http://dbpedia.org/resource/Severnaya_Zemlya"	"Северная Земля"	"http://dbpedia.org/resource/Category:Severnaya_Zemlya"
"http://dbpedia.org/resource/Severny_Island"	"Северный (остров, Новая Земля)"	"http://dbpedia.org/resource/Category:Islands_of_Novaya_Zemlya"
"http://dbpedia.org/resource/Severny_Island"	"Северный (остров, Новая Земля)"	"http://dbpedia.org/resource/Category:Islands_of_Arkhangelsk_Oblast"
"http://dbpedia.org/resource/Severny_Island"	"Северный (остров, Новая Земля)"	"http://dbpedia.org/resource/Category:Islands_of_the_Barents_Sea"
"http://dbpedia.org/resource/Severny_Island"	"Северный (остров, Новая Земля)"	"http://dbpedia.org/resource/Category:Islands_of_the_Kara_Sea"
"http://dbpedia.org/resource/Severny_Island"	"Северный (остров, Новая Земля)"	"http://dbpedia.org/resource/Category:Islands_of_Novaya_Zemlya"
"http://dbpedia.org/resource/Severny_Island"	"Северный (остров, Новая Земля)"	"http://dbpedia.org/resource/Category:Islands_of_Arkhangelsk_Oblast"
"http://dbpedia.org/resource/Severny_Island"	"Северный (остров, Новая Земля)"	"http://dbpedia.org/resource/Category:Islands_of_the_Barents_Sea"
"http://dbpedia.org/resource/Severny_Island"	"Северный (остров, Новая Земля)"	"http://dbpedia.org/resource/Category:Islands_of_the_Kara_Sea"
"http://dbpedia.org/resource/Severny_Island"	"Северный (остров, Новая Земля)"	"http://dbpedia.org/resource/Category:Islands_of_Novaya_Zemlya"
"http://dbpedia.org/resource/Severny_Island"	"Северный (остров, Новая Земля)"	"http://dbpedia.org/resource/Category:Islands_of_Arkhangelsk_Oblast"
"http://dbpedia.org/resource/Severny_Island"	"Северный (остров, Новая Земля)"	"http://dbpedia.org/resource/Category:Islands_of_the_Barents_Sea"
"http://dbpedia.org/resource/Severny_Island"	"Северный (остров, Новая Земля)"	"http://dbpedia.org/resource/Category:Islands_of_the_Kara_Sea"
"http://dbpedia.org/resource/Bolshoy_Solovetsky_Island"	"Соловецкий (остров)"	"http://dbpedia.org/resource/Category:Islands_of_Arkhangelsk_Oblast"
"http://dbpedia.org/resource/Bolshoy_Solovetsky_Island"	"Соловецкий (остров)"	"http://dbpedia.org/resource/Category:Islands_of_the_Arctic_Ocean"
"http://dbpedia.org/resource/Bolshoy_Solovetsky_Island"	"Соловецкий (остров)"	"http://dbpedia.org/resource/Category:Solovetsky_Islands"
"http://dbpedia.org/resource/Bolshoy_Solovetsky_Island"	"Соловецкий (остров)"	"http://dbpedia.org/resource/Category:Landforms_of_the_White_Sea"
"http://dbpedia.org/resource/Bolshoy_Solovetsky_Island"	"Соловецкий (остров)"	"http://dbpedia.org/resource/Category:Islands_of_Arkhangelsk_Oblast"
"http://dbpedia.org/resource/Bolshoy_Solovetsky_Island"	"Соловецкий (остров)"	"http://dbpedia.org/resource/Category:Islands_of_the_Arctic_Ocean"
"http://dbpedia.org/resource/Bolshoy_Solovetsky_Island"	"Соловецкий (остров)"	"http://dbpedia.org/resource/Category:Solovetsky_Islands"
"http://dbpedia.org/resource/Bolshoy_Solovetsky_Island"	"Соловецкий (остров)"	"http://dbpedia.org/resource/Category:Landforms_of_the_White_Sea"
"http://dbpedia.org/resource/Taymyr_Island"	"Таймыр (остров)"	"http://dbpedia.org/resource/Category:Islands_of_Krasnoyarsk_Krai"
"http://dbpedia.org/resource/Taymyr_Island"	"Таймыр (остров)"	"http://dbpedia.org/resource/Category:Islands_of_the_Kara_Sea"
"http://dbpedia.org/resource/Taymyr_Island"	"Таймыр (остров)"	"http://dbpedia.org/resource/Category:Islands_of_Krasnoyarsk_Krai"
"http://dbpedia.org/resource/Taymyr_Island"	"Таймыр (остров)"	"http://dbpedia.org/resource/Category:Islands_of_the_Kara_Sea"
"http://dbpedia.org/resource/Ush_Island"	"Уш (остров)"	"http://dbpedia.org/resource/Category:Islands_of_Sakhalin_Oblast"
"http://dbpedia.org/resource/Ush_Island"	"Уш (остров)"	"http://dbpedia.org/resource/Category:Islands_of_the_Russian_Far_East"
"http://dbpedia.org/resource/Ush_Island"	"Уш (остров)"	"http://dbpedia.org/resource/Category:Islands_of_the_Sea_of_Okhotsk"
"http://dbpedia.org/resource/Champ_Island"	"Чамп"	"http://dbpedia.org/resource/Category:Uninhabited_islands_of_Russia"
"http://dbpedia.org/resource/Champ_Island"	"Чамп"	"http://dbpedia.org/resource/Category:Islands_of_Franz_Josef_Land"
"http://dbpedia.org/resource/Champ_Island"	"Чамп"	"http://dbpedia.org/resource/Category:Uninhabited_islands_of_Russia"
"http://dbpedia.org/resource/Champ_Island"	"Чамп"	"http://dbpedia.org/resource/Category:Islands_of_Franz_Josef_Land"
"http://dbpedia.org/resource/Ekarma"	"Экарма"	"http://dbpedia.org/resource/Category:Uninhabited_islands_of_Russia"
"http://dbpedia.org/resource/Ekarma"	"Экарма"	"http://dbpedia.org/resource/Category:Islands_of_the_Kuril_Islands"
"http://dbpedia.org/resource/Ekarma"	"Экарма"	"http://dbpedia.org/resource/Category:Mountains_of_the_Kuril_Islands"
"http://dbpedia.org/resource/Ekarma"	"Экарма"	"http://dbpedia.org/resource/Category:Volcanoes_of_the_Kuril_Islands"
"http://dbpedia.org/resource/Ekarma"	"Экарма"	"http://dbpedia.org/resource/Category:Active_volcanoes"
"http://dbpedia.org/resource/Ekarma"	"Экарма"	"http://dbpedia.org/resource/Category:Uninhabited_islands_of_the_Pacific_Ocean"
"http://dbpedia.org/resource/Ekarma"	"Экарма"	"http://dbpedia.org/resource/Category:Islands_of_the_Russian_Far_East"
"http://dbpedia.org/resource/Ekarma"	"Экарма"	"http://dbpedia.org/resource/Category:Islands_of_the_Sea_of_Okhotsk"
"http://dbpedia.org/resource/Ekarma"	"Экарма"	"http://dbpedia.org/resource/Category:Stratovolcanoes_of_Russia"
"http://dbpedia.org/resource/Yuzhny_Island"	"Южный (остров, Новая Земля)"	"http://dbpedia.org/resource/Category:Islands_of_Novaya_Zemlya"
"http://dbpedia.org/resource/Yuzhny_Island"	"Южный (остров, Новая Земля)"	"http://dbpedia.org/resource/Category:Islands_of_Arkhangelsk_Oblast"
"http://dbpedia.org/resource/Yuzhny_Island"	"Южный (остров, Новая Земля)"	"http://dbpedia.org/resource/Category:Islands_of_the_Barents_Sea"
"http://dbpedia.org/resource/Yuzhny_Island"	"Южный (остров, Новая Земля)"	"http://dbpedia.org/resource/Category:Islands_of_the_Kara_Sea"
"http://dbpedia.org/resource/Yuzhny_Island"	"Южный (остров, Новая Земля)"	"http://dbpedia.org/resource/Category:Islands_of_Novaya_Zemlya"
"http://dbpedia.org/resource/Yuzhny_Island"	"Южный (остров, Новая Земля)"	"http://dbpedia.org/resource/Category:Islands_of_Arkhangelsk_Oblast"
"http://dbpedia.org/resource/Yuzhny_Island"	"Южный (остров, Новая Земля)"	"http://dbpedia.org/resource/Category:Islands_of_the_Barents_Sea"
"http://dbpedia.org/resource/Yuzhny_Island"	"Южный (остров, Новая Земля)"	"http://dbpedia.org/resource/Category:Islands_of_the_Kara_Sea"
"http://dbpedia.org/resource/Yuzhny_Island"	"Южный (остров, Новая Земля)"	"http://dbpedia.org/resource/Category:Islands_of_Novaya_Zemlya"
"http://dbpedia.org/resource/Yuzhny_Island"	"Южный (остров, Новая Земля)"	"http://dbpedia.org/resource/Category:Islands_of_Arkhangelsk_Oblast"
"http://dbpedia.org/resource/Yuzhny_Island"	"Южный (остров, Новая Земля)"	"http://dbpedia.org/resource/Category:Islands_of_the_Barents_Sea"
"http://dbpedia.org/resource/Yuzhny_Island"	"Южный (остров, Новая Земля)"	"http://dbpedia.org/resource/Category:Islands_of_the_Kara_Sea"
"http://dbpedia.org/resource/Yuzhny_Island"	"Южный (остров, Новая Земля)"	"http://dbpedia.org/resource/Category:Islands_of_Novaya_Zemlya"
"http://dbpedia.org/resource/Yuzhny_Island"	"Южный (остров, Новая Земля)"	"http://dbpedia.org/resource/Category:Islands_of_Arkhangelsk_Oblast"
"http://dbpedia.org/resource/Yuzhny_Island"	"Южный (остров, Новая Земля)"	"http://dbpedia.org/resource/Category:Islands_of_the_Barents_Sea"
"http://dbpedia.org/resource/Yuzhny_Island"	"Южный (остров, Новая Земля)"	"http://dbpedia.org/resource/Category:Islands_of_the_Kara_Sea"
